交易日期,佣金,印花税,成交价,成交方向,成交量,股票代码,调仓周期,选股数量
2019-01-02,66.5520,0.0000,2.8200,1.0000,11800.0000,sz300259,20,30
2019-01-02,66.4020,0.0000,6.5100,1.0000,5100.0000,sz000593,20,30
2019-01-02,66.5260,0.0000,8.9900,1.0000,3700.0000,sz300503,20,30
2019-01-02,66.6120,0.0000,7.9300,1.0000,4200.0000,sz300265,20,30
2019-01-02,64.2720,0.0000,13.3900,1.0000,2400.0000,sz300517,20,30
2019-01-02,65.8720,0.0000,7.1600,1.0000,4600.0000,sz002637,20,30
2019-01-02,65.8300,0.0000,11.3500,1.0000,2900.0000,sh603878,20,30
2019-01-02,65.8800,0.0000,5.4900,1.0000,6000.0000,sh600356,20,30
2019-01-02,64.2620,0.0000,13.9700,1.0000,2300.0000,sh603887,20,30
2019-01-02,66.4680,0.0000,5.7300,1.0000,5800.0000,sh600746,20,30
2019-01-02,66.4300,0.0000,3.6500,1.0000,9100.0000,sh600791,20,30
2019-01-02,66.2480,0.0000,3.3800,1.0000,9800.0000,sh600975,20,30
2019-01-02,64.9740,0.0000,24.9900,1.0000,1300.0000,sz300649,20,30
2019-01-02,63.9600,0.0000,24.6000,1.0000,1300.0000,sz300488,20,30
2019-01-02,66.6640,0.0000,12.8200,1.0000,2600.0000,sz002780,20,30
2019-01-02,65.4360,0.0000,15.5800,1.0000,2100.0000,sh603139,20,30
2019-01-02,62.2000,0.0000,31.1000,1.0000,1000.0000,sz300701,20,30
2019-01-02,63.9720,0.0000,17.7700,1.0000,1800.0000,sz002810,20,30
2019-01-02,64.0080,0.0000,15.2400,1.0000,2100.0000,sz002623,20,30
2019-01-02,63.2400,0.0000,18.6000,1.0000,1700.0000,sz300715,20,30
2019-01-02,62.4960,0.0000,22.3200,1.0000,1400.0000,sz300729,20,30
2019-01-02,66.4900,0.0000,3.0500,1.0000,10900.0000,sh600815,20,30
2019-01-02,66.5040,0.0000,6.5200,1.0000,5100.0000,sz000785,20,30
2019-01-02,66.2700,0.0000,7.0500,1.0000,4700.0000,sz000752,20,30
2019-01-02,66.6120,0.0000,3.6600,1.0000,9100.0000,sz002347,20,30
2019-01-02,63.8940,0.0000,13.8900,1.0000,2300.0000,sh603677,20,30
2019-01-02,64.7520,0.0000,17.0400,1.0000,1900.0000,sh603663,20,30
2019-01-02,65.2240,0.0000,10.5200,1.0000,3100.0000,sz000020,20,30
2019-01-02,65.8900,0.0000,5.9900,1.0000,5500.0000,sz002743,20,30
2019-01-02,66.4700,0.0000,3.9100,1.0000,8500.0000,sz000632,20,30
2019-01-30,68.6760,34.3380,2.9100,-1.0000,11800.0000,sz300259,20,30
2019-01-30,62.6280,31.3140,6.1400,-1.0000,5100.0000,sz000593,20,30
2019-01-30,64.2320,32.1160,8.6800,-1.0000,3700.0000,sz300503,20,30
2019-01-30,69.9720,34.9860,8.3300,-1.0000,4200.0000,sz300265,20,30
2019-01-30,61.8720,30.9360,12.8900,-1.0000,2400.0000,sz300517,20,30
2019-01-30,65.2280,32.6140,7.0900,-1.0000,4600.0000,sz002637,20,30
2019-01-30,69.1940,34.5970,11.9300,-1.0000,2900.0000,sh603878,20,30
2019-01-30,72.1200,36.0600,6.0100,-1.0000,6000.0000,sh600356,20,30
2019-01-30,62.9280,31.4640,13.6800,-1.0000,2300.0000,sh603887,20,30
2019-01-30,68.7880,34.3940,5.9300,-1.0000,5800.0000,sh600746,20,30
2019-01-30,69.8880,34.9440,3.8400,-1.0000,9100.0000,sh600791,20,30
2019-01-30,81.3400,40.6700,4.1500,-1.0000,9800.0000,sh600975,20,30
2019-01-30,58.8900,29.4450,22.6500,-1.0000,1300.0000,sz300649,20,30
2019-01-30,62.1920,31.0960,23.9200,-1.0000,1300.0000,sz300488,20,30
2019-01-30,65.3120,32.6560,12.5600,-1.0000,2600.0000,sz002780,20,30
2019-01-30,61.5300,30.7650,14.6500,-1.0000,2100.0000,sh603139,20,30
2019-01-30,61.8000,30.9000,30.9000,-1.0000,1000.0000,sz300701,20,30
2019-01-30,63.3600,31.6800,17.6000,-1.0000,1800.0000,sz002810,20,30
2019-01-30,65.1840,32.5920,15.5200,-1.0000,2100.0000,sz002623,20,30
2019-01-30,72.9980,36.4990,21.4700,-1.0000,1700.0000,sz300715,20,30
2019-01-30,58.9680,29.4840,21.0600,-1.0000,1400.0000,sz300729,20,30
2019-01-30,64.0920,32.0460,2.9400,-1.0000,10900.0000,sh600815,20,30
2019-01-30,110.2620,55.1310,10.8100,-1.0000,5100.0000,sz000785,20,30
2019-01-30,63.6380,31.8190,6.7700,-1.0000,4700.0000,sz000752,20,30
2019-01-30,68.2500,34.1250,3.7500,-1.0000,9100.0000,sz002347,20,30
2019-01-30,63.0660,31.5330,13.7100,-1.0000,2300.0000,sh603677,20,30
2019-01-30,71.8200,35.9100,18.9000,-1.0000,1900.0000,sh603663,20,30
2019-01-30,65.3480,32.6740,10.5400,-1.0000,3100.0000,sz000020,20,30
2019-01-30,61.7100,30.8550,5.6100,-1.0000,5500.0000,sz002743,20,30
2019-01-30,63.2400,31.6200,3.7200,-1.0000,8500.0000,sz000632,20,30
2019-01-30,66.6400,0.0000,8.3300,1.0000,4000.0000,sz300265,20,30
2019-01-30,63.1800,0.0000,21.0600,1.0000,1500.0000,sz300729,20,30
2019-01-30,64.2600,0.0000,18.9000,1.0000,1700.0000,sh603663,20,30
2019-01-30,65.3480,0.0000,10.5400,1.0000,3100.0000,sz000020,20,30
2019-01-30,66.3460,0.0000,6.7700,1.0000,4900.0000,sz000752,20,30
2019-01-30,66.3120,0.0000,6.1400,1.0000,5400.0000,sz000593,20,30
2019-01-30,63.4200,0.0000,22.6500,1.0000,1400.0000,sz300649,20,30
2019-01-30,62.1920,0.0000,23.9200,1.0000,1300.0000,sz300488,20,30
2019-01-30,61.8000,0.0000,30.9000,1.0000,1000.0000,sz300701,20,30
2019-01-30,66.4440,0.0000,2.9400,1.0000,11300.0000,sh600815,20,30
2019-01-30,66.0480,0.0000,3.8400,1.0000,8600.0000,sh600791,20,30
2019-01-30,65.5500,0.0000,21.8500,1.0000,1500.0000,sz300675,20,30
2019-01-30,65.6640,0.0000,13.6800,1.0000,2400.0000,sh603887,20,30
2019-01-30,64.4600,0.0000,14.6500,1.0000,2200.0000,sh603139,20,30
2019-01-30,65.1840,0.0000,15.5200,1.0000,2100.0000,sz002623,20,30
2019-01-30,66.1100,0.0000,6.0100,1.0000,5500.0000,sh600356,20,30
2019-01-30,65.8080,0.0000,13.7100,1.0000,2400.0000,sh603677,20,30
2019-01-30,64.4100,0.0000,21.4700,1.0000,1500.0000,sz300715,20,30
2019-01-30,66.1980,0.0000,5.6100,1.0000,5900.0000,sz002743,20,30
2019-01-30,64.4500,0.0000,12.8900,1.0000,2500.0000,sz300517,20,30
2019-01-30,66.4160,0.0000,5.9300,1.0000,5600.0000,sh600746,20,30
2019-01-30,66.4000,0.0000,4.1500,1.0000,8000.0000,sh600975,20,30
2019-01-30,66.6460,0.0000,7.0900,1.0000,4700.0000,sz002637,20,30
2019-01-30,66.2160,0.0000,3.7200,1.0000,8900.0000,sz000632,20,30
2019-01-30,64.4220,0.0000,11.9300,1.0000,2700.0000,sh603878,20,30
2019-01-30,65.9680,0.0000,8.6800,1.0000,3800.0000,sz300503,20,30
2019-01-30,63.3600,0.0000,17.6000,1.0000,1800.0000,sz002810,20,30
2019-01-30,64.8600,0.0000,10.8100,1.0000,3000.0000,sz000785,20,30
2019-01-30,66.0000,0.0000,3.7500,1.0000,8800.0000,sz002347,20,30
2019-01-30,65.3120,0.0000,12.5600,1.0000,2600.0000,sz002780,20,30
2019-03-06,75.7080,37.8540,7.0100,-1.0000,5400.0000,sz000593,20,30
2019-03-06,79.1160,39.5580,10.4100,-1.0000,3800.0000,sz300503,20,30
2019-03-06,80.8000,40.4000,10.1000,-1.0000,4000.0000,sz300265,20,30
2019-03-06,75.9000,37.9500,15.1800,-1.0000,2500.0000,sz300517,20,30
2019-03-06,76.8920,38.4460,8.1800,-1.0000,4700.0000,sz002637,20,30
2019-03-06,75.7620,37.8810,14.0300,-1.0000,2700.0000,sh603878,20,30
2019-03-06,80.3000,40.1500,7.3000,-1.0000,5500.0000,sh600356,20,30
2019-03-06,83.1360,41.5680,17.3200,-1.0000,2400.0000,sh603887,20,30
2019-03-06,75.9360,37.9680,6.7800,-1.0000,5600.0000,sh600746,20,30
2019-03-06,80.1520,40.0760,4.6600,-1.0000,8600.0000,sh600791,20,30
2019-03-06,120.8000,60.4000,7.5500,-1.0000,8000.0000,sh600975,20,30
2019-03-06,74.4240,37.2120,26.5800,-1.0000,1400.0000,sz300649,20,30
2019-03-06,67.1580,33.5790,25.8300,-1.0000,1300.0000,sz300488,20,30
2019-03-06,94.6400,47.3200,18.2000,-1.0000,2600.0000,sz002780,20,30
2019-03-06,77.6600,38.8300,17.6500,-1.0000,2200.0000,sh603139,20,30
2019-03-06,72.5000,36.2500,36.2500,-1.0000,1000.0000,sz300701,20,30
2019-03-06,79.5600,39.7800,22.1000,-1.0000,1800.0000,sz002810,20,30
2019-03-06,75.6840,37.8420,18.0200,-1.0000,2100.0000,sz002623,20,30
2019-03-06,73.5300,36.7650,24.5100,-1.0000,1500.0000,sz300715,20,30
2019-03-06,75.6000,37.8000,25.2000,-1.0000,1500.0000,sz300729,20,30
2019-03-06,79.3260,39.6630,3.5100,-1.0000,11300.0000,sh600815,20,30
2019-03-06,78.0000,39.0000,13.0000,-1.0000,3000.0000,sz000785,20,30
2019-03-06,75.9500,37.9750,7.7500,-1.0000,4900.0000,sz000752,20,30
2019-03-06,81.8400,40.9200,4.6500,-1.0000,8800.0000,sz002347,20,30
2019-03-06,70.8960,35.4480,14.7700,-1.0000,2400.0000,sh603677,20,30
2019-03-06,67.0820,33.5410,19.7300,-1.0000,1700.0000,sh603663,20,30
2019-03-06,78.1200,39.0600,12.6000,-1.0000,3100.0000,sz000020,20,30
2019-03-06,79.8860,39.9430,6.7700,-1.0000,5900.0000,sz002743,20,30
2019-03-06,81.8800,40.9400,4.6000,-1.0000,8900.0000,sz000632,20,30
2019-03-06,87.6000,43.8000,29.2000,-1.0000,1500.0000,sz300675,20,30
2019-03-06,64.5380,0.0000,14.0300,1.0000,2300.0000,sh603878,20,30
2019-03-06,63.1360,0.0000,19.7300,1.0000,1600.0000,sh603663,20,30
2019-03-06,66.4440,0.0000,6.7800,1.0000,4900.0000,sh600746,20,30
2019-03-06,66.6600,0.0000,10.1000,1.0000,3300.0000,sz300265,20,30
2019-03-06,63.7560,0.0000,15.1800,1.0000,2100.0000,sz300517,20,30
2019-03-06,65.5200,0.0000,18.2000,1.0000,1800.0000,sz002780,20,30
2019-03-06,61.9920,0.0000,25.8300,1.0000,1200.0000,sz300488,20,30
2019-03-06,64.9880,0.0000,14.7700,1.0000,2200.0000,sh603677,20,30
2019-03-06,66.6500,0.0000,7.7500,1.0000,4300.0000,sz000752,20,30
2019-03-06,65.2500,0.0000,36.2500,1.0000,900.0000,sz300701,20,30
2019-03-06,65.8940,0.0000,7.0100,1.0000,4700.0000,sz000593,20,30
2019-03-06,66.6240,0.0000,10.4100,1.0000,3200.0000,sz300503,20,30
2019-03-06,65.5200,0.0000,25.2000,1.0000,1300.0000,sz300729,20,30
2019-03-06,63.5400,0.0000,17.6500,1.0000,1800.0000,sh603139,20,30
2019-03-06,65.5200,0.0000,12.6000,1.0000,2600.0000,sz000020,20,30
2019-03-06,66.2400,0.0000,4.6000,1.0000,7200.0000,sz000632,20,30
2019-03-06,65.7000,0.0000,7.3000,1.0000,4500.0000,sh600356,20,30
2019-03-06,64.8720,0.0000,18.0200,1.0000,1800.0000,sz002623,20,30
2019-03-06,65.9880,0.0000,3.5100,1.0000,9400.0000,sh600815,20,30
2019-03-06,63.7920,0.0000,26.5800,1.0000,1200.0000,sz300649,20,30
2019-03-06,66.3000,0.0000,22.1000,1.0000,1500.0000,sz002810,20,30
2019-03-06,64.4760,0.0000,17.9100,1.0000,1800.0000,sh600785,20,30
2019-03-06,65.4400,0.0000,8.1800,1.0000,4000.0000,sz002637,20,30
2019-03-06,66.3460,0.0000,6.7700,1.0000,4900.0000,sz002743,20,30
2019-03-06,65.0000,0.0000,13.0000,1.0000,2500.0000,sz000785,20,30
2019-03-06,65.0000,0.0000,13.0000,1.0000,2500.0000,sz002186,20,30
2019-03-06,65.8160,0.0000,17.3200,1.0000,1900.0000,sh603887,20,30
2019-03-06,66.1720,0.0000,4.6600,1.0000,7100.0000,sh600791,20,30
2019-03-06,66.0300,0.0000,4.6500,1.0000,7100.0000,sz002347,20,30
2019-03-06,63.7260,0.0000,24.5100,1.0000,1300.0000,sz300715,20,30
2019-04-03,69.6540,34.8270,7.4100,-1.0000,4700.0000,sz000593,20,30
2019-04-03,66.5600,33.2800,10.4000,-1.0000,3200.0000,sz300503,20,30
2019-04-03,67.9800,33.9900,10.3000,-1.0000,3300.0000,sz300265,20,30
2019-04-03,70.1400,35.0700,16.7000,-1.0000,2100.0000,sz300517,20,30
2019-04-03,70.5600,35.2800,8.8200,-1.0000,4000.0000,sz002637,20,30
2019-04-03,67.1600,33.5800,14.6000,-1.0000,2300.0000,sh603878,20,30
2019-04-03,86.5800,43.2900,9.6200,-1.0000,4500.0000,sh600356,20,30
2019-04-03,72.9220,36.4610,19.1900,-1.0000,1900.0000,sh603887,20,30
2019-04-03,78.4980,39.2490,8.0100,-1.0000,4900.0000,sh600746,20,30
2019-04-03,73.2720,36.6360,5.1600,-1.0000,7100.0000,sh600791,20,30
2019-04-03,63.6000,31.8000,26.5000,-1.0000,1200.0000,sz300649,20,30
2019-04-03,63.8160,31.9080,26.5900,-1.0000,1200.0000,sz300488,20,30
2019-04-03,74.0160,37.0080,20.5600,-1.0000,1800.0000,sz002780,20,30
2019-04-03,67.0680,33.5340,18.6300,-1.0000,1800.0000,sh603139,20,30
2019-04-03,69.5340,34.7670,38.6300,-1.0000,900.0000,sz300701,20,30
2019-04-03,78.0000,39.0000,26.0000,-1.0000,1500.0000,sz002810,20,30
2019-04-03,66.0600,33.0300,18.3500,-1.0000,1800.0000,sz002623,20,30
2019-04-03,67.3920,33.6960,25.9200,-1.0000,1300.0000,sz300715,20,30
2019-04-03,68.9520,34.4760,26.5200,-1.0000,1300.0000,sz300729,20,30
2019-04-03,72.9440,36.4720,3.8800,-1.0000,9400.0000,sh600815,20,30
2019-04-03,54.2000,27.1000,10.8400,-1.0000,2500.0000,sz000785,20,30
2019-04-03,72.1540,36.0770,8.3900,-1.0000,4300.0000,sz000752,20,30
2019-04-03,69.4380,34.7190,4.8900,-1.0000,7100.0000,sz002347,20,30
2019-04-03,69.0800,34.5400,15.7000,-1.0000,2200.0000,sh603677,20,30
2019-04-03,65.2480,32.6240,20.3900,-1.0000,1600.0000,sh603663,20,30
2019-04-03,66.7160,33.3580,12.8300,-1.0000,2600.0000,sz000020,20,30
2019-04-03,72.4220,36.2110,7.3900,-1.0000,4900.0000,sz002743,20,30
2019-04-03,70.5600,35.2800,4.9000,-1.0000,7200.0000,sz000632,20,30
2019-04-03,64.8000,32.4000,18.0000,-1.0000,1800.0000,sh600785,20,30
2019-04-03,66.5500,33.2750,13.3100,-1.0000,2500.0000,sz002186,20,30
2019-04-03,65.2460,0.0000,19.1900,1.0000,1700.0000,sh603887,20,30
2019-04-03,62.4000,0.0000,26.0000,1.0000,1200.0000,sz002810,20,30
2019-04-03,65.4420,0.0000,8.3900,1.0000,3900.0000,sz000752,20,30
2019-04-03,66.5040,0.0000,4.8900,1.0000,6800.0000,sz002347,20,30
2019-04-03,65.9200,0.0000,10.3000,1.0000,3200.0000,sz300265,20,30
2019-04-03,63.4600,0.0000,16.7000,1.0000,1900.0000,sz300517,20,30
2019-04-03,65.9400,0.0000,15.7000,1.0000,2100.0000,sh603677,20,30
2019-04-03,63.6480,0.0000,26.5200,1.0000,1200.0000,sz300729,20,30
2019-04-03,65.2680,0.0000,8.8200,1.0000,3700.0000,sz002637,20,30
2019-04-03,64.2400,0.0000,14.6000,1.0000,2200.0000,sh603878,20,30
2019-04-03,63.6000,0.0000,26.5000,1.0000,1200.0000,sz300649,20,30
2019-04-03,65.0400,0.0000,10.8400,1.0000,3000.0000,sz000785,20,30
2019-04-03,66.0480,0.0000,5.1600,1.0000,6400.0000,sh600791,20,30
2019-04-03,65.2080,0.0000,7.4100,1.0000,4400.0000,sz000593,20,30
2019-04-03,63.3420,0.0000,18.6300,1.0000,1700.0000,sh603139,20,30
2019-04-03,65.7920,0.0000,20.5600,1.0000,1600.0000,sz002780,20,30
2019-04-03,65.2480,0.0000,20.3900,1.0000,1600.0000,sh603663,20,30
2019-04-03,63.8160,0.0000,26.5900,1.0000,1200.0000,sz300488,20,30
2019-04-03,65.9600,0.0000,3.8800,1.0000,8500.0000,sh600815,20,30
2019-04-03,65.6820,0.0000,8.0100,1.0000,4100.0000,sh600746,20,30
2019-04-03,64.1500,0.0000,12.8300,1.0000,2500.0000,sz000020,20,30
2019-04-03,66.5600,0.0000,10.4000,1.0000,3200.0000,sz300503,20,30
2019-04-03,61.8080,0.0000,38.6300,1.0000,800.0000,sz300701,20,30
2019-04-03,66.5100,0.0000,7.3900,1.0000,4500.0000,sz002743,20,30
2019-04-03,66.0600,0.0000,18.3500,1.0000,1800.0000,sz002623,20,30
2019-04-03,65.4160,0.0000,9.6200,1.0000,3400.0000,sh600356,20,30
2019-04-03,66.6400,0.0000,4.9000,1.0000,6800.0000,sz000632,20,30
2019-04-03,64.8000,0.0000,18.0000,1.0000,1800.0000,sh600785,20,30
2019-04-03,62.2080,0.0000,25.9200,1.0000,1200.0000,sz300715,20,30
2019-04-03,63.1440,0.0000,26.3100,1.0000,1200.0000,sz300675,20,30
2019-05-07,54.1200,27.0600,6.1500,-1.0000,4400.0000,sz000593,20,30
2019-05-07,56.1920,28.0960,8.7800,-1.0000,3200.0000,sz300503,20,30
2019-05-07,50.1120,25.0560,7.8300,-1.0000,3200.0000,sz300265,20,30
2019-05-07,53.5420,26.7710,14.0900,-1.0000,1900.0000,sz300517,20,30
2019-05-07,54.3160,27.1580,7.3400,-1.0000,3700.0000,sz002637,20,30
2019-05-07,66.8800,33.4400,15.2000,-1.0000,2200.0000,sh603878,20,30
2019-05-07,51.8840,25.9420,7.6300,-1.0000,3400.0000,sh600356,20,30
2019-05-07,55.2840,27.6420,16.2600,-1.0000,1700.0000,sh603887,20,30
2019-05-07,53.4640,26.7320,6.5200,-1.0000,4100.0000,sh600746,20,30
2019-05-07,53.7600,26.8800,4.2000,-1.0000,6400.0000,sh600791,20,30
2019-05-07,51.8160,25.9080,21.5900,-1.0000,1200.0000,sz300649,20,30
2019-05-07,61.2000,30.6000,25.5000,-1.0000,1200.0000,sz300488,20,30
2019-05-07,82.4960,41.2480,25.7800,-1.0000,1600.0000,sz002780,20,30
2019-05-07,54.8080,27.4040,16.1200,-1.0000,1700.0000,sh603139,20,30
2019-05-07,51.5200,25.7600,32.2000,-1.0000,800.0000,sz300701,20,30
2019-05-07,61.5840,30.7920,25.6600,-1.0000,1200.0000,sz002810,20,30
2019-05-07,52.1640,26.0820,14.4900,-1.0000,1800.0000,sz002623,20,30
2019-05-07,51.2880,25.6440,21.3700,-1.0000,1200.0000,sz300715,20,30
2019-05-07,54.7200,27.3600,22.8000,-1.0000,1200.0000,sz300729,20,30
2019-05-07,48.9600,24.4800,2.8800,-1.0000,8500.0000,sh600815,20,30
2019-05-07,54.2400,27.1200,9.0400,-1.0000,3000.0000,sz000785,20,30
2019-05-07,46.6440,23.3220,5.9800,-1.0000,3900.0000,sz000752,20,30
2019-05-07,66.7760,33.3880,4.9100,-1.0000,6800.0000,sz002347,20,30
2019-05-07,56.7420,28.3710,13.5100,-1.0000,2100.0000,sh603677,20,30
2019-05-07,56.8640,28.4320,17.7700,-1.0000,1600.0000,sh603663,20,30
2019-05-07,57.0000,28.5000,11.4000,-1.0000,2500.0000,sz000020,20,30
2019-05-07,55.8000,27.9000,6.2000,-1.0000,4500.0000,sz002743,20,30
2019-05-07,61.7440,30.8720,4.5400,-1.0000,6800.0000,sz000632,20,30
2019-05-07,46.5360,23.2680,19.3900,-1.0000,1200.0000,sz300675,20,30
2019-05-07,57.3120,28.6560,15.9200,-1.0000,1800.0000,sh600785,20,30
2019-05-07,66.0600,0.0000,7.3400,1.0000,4500.0000,sz002637,20,30
2019-05-07,66.2400,0.0000,2.8800,1.0000,11500.0000,sh600815,20,30
2019-05-07,63.8400,0.0000,22.8000,1.0000,1400.0000,sz300729,20,30
2019-05-07,64.4800,0.0000,16.1200,1.0000,2000.0000,sh603139,20,30
2019-05-07,66.1200,0.0000,11.4000,1.0000,2900.0000,sz000020,20,30
2019-05-07,65.7720,0.0000,7.8300,1.0000,4200.0000,sz300265,20,30
2019-05-07,66.6540,0.0000,14.4900,1.0000,2300.0000,sz002623,20,30
2019-05-07,64.9720,0.0000,8.7800,1.0000,3700.0000,sz300503,20,30
2019-05-07,65.9260,0.0000,19.3900,1.0000,1700.0000,sz300675,20,30
2019-05-07,64.8480,0.0000,13.5100,1.0000,2400.0000,sh603677,20,30
2019-05-07,66.5040,0.0000,6.5200,1.0000,5100.0000,sh600746,20,30
2019-05-07,64.4000,0.0000,32.2000,1.0000,1000.0000,sz300701,20,30
2019-05-07,61.5840,0.0000,25.6600,1.0000,1200.0000,sz002810,20,30
2019-05-07,65.7200,0.0000,6.2000,1.0000,5300.0000,sz002743,20,30
2019-05-07,65.0400,0.0000,16.2600,1.0000,2000.0000,sh603887,20,30
2019-05-07,65.6180,0.0000,7.6300,1.0000,4300.0000,sh600356,20,30
2019-05-07,63.9720,0.0000,17.7700,1.0000,1800.0000,sh603663,20,30
2019-05-07,63.8400,0.0000,15.2000,1.0000,2100.0000,sh603878,20,30
2019-05-07,64.8140,0.0000,14.0900,1.0000,2300.0000,sz300517,20,30
2019-05-07,64.7700,0.0000,21.5900,1.0000,1500.0000,sz300649,20,30
2019-05-07,65.0880,0.0000,9.0400,1.0000,3600.0000,sz000785,20,30
2019-05-07,63.6800,0.0000,15.9200,1.0000,2000.0000,sh600785,20,30
2019-05-07,65.7800,0.0000,5.9800,1.0000,5500.0000,sz000752,20,30
2019-05-07,66.3000,0.0000,25.5000,1.0000,1300.0000,sz300488,20,30
2019-05-07,66.2840,0.0000,4.5400,1.0000,7300.0000,sz000632,20,30
2019-05-07,61.8720,0.0000,25.7800,1.0000,1200.0000,sz002780,20,30
2019-05-07,66.4200,0.0000,6.1500,1.0000,5400.0000,sz000593,20,30
2019-05-07,66.3600,0.0000,4.2000,1.0000,7900.0000,sh600791,20,30
2019-05-07,65.7940,0.0000,4.9100,1.0000,6700.0000,sz002347,20,30
2019-05-07,64.1100,0.0000,21.3700,1.0000,1500.0000,sz300715,20,30
2019-06-04,68.1480,34.0740,6.3100,-1.0000,5400.0000,sz000593,20,30
2019-06-04,62.0120,31.0060,8.3800,-1.0000,3700.0000,sz300503,20,30
2019-06-04,77.2800,38.6400,9.2000,-1.0000,4200.0000,sz300265,20,30
2019-06-04,65.6420,32.8210,14.2700,-1.0000,2300.0000,sz300517,20,30
2019-06-04,62.3700,31.1850,6.9300,-1.0000,4500.0000,sz002637,20,30
2019-06-04,69.9720,34.9860,16.6600,-1.0000,2100.0000,sh603878,20,30
2019-06-04,61.9200,30.9600,7.2000,-1.0000,4300.0000,sh600356,20,30
2019-06-04,64.5600,32.2800,16.1400,-1.0000,2000.0000,sh603887,20,30
2019-06-04,63.9540,31.9770,6.2700,-1.0000,5100.0000,sh600746,20,30
2019-06-04,65.0960,32.5480,4.1200,-1.0000,7900.0000,sh600791,20,30
2019-06-04,64.5000,32.2500,21.5000,-1.0000,1500.0000,sz300649,20,30
2019-06-04,69.2380,34.6190,26.6300,-1.0000,1300.0000,sz300488,20,30
2019-06-04,51.2160,25.6080,21.3400,-1.0000,1200.0000,sz002780,20,30
2019-06-04,67.2400,33.6200,16.8100,-1.0000,2000.0000,sh603139,20,30
2019-06-04,69.0000,34.5000,34.5000,-1.0000,1000.0000,sz300701,20,30
2019-06-04,33.3120,16.6560,13.8800,-1.0000,1200.0000,sz002810,20,30
2019-06-04,68.3560,34.1780,14.8600,-1.0000,2300.0000,sz002623,20,30
2019-06-04,59.1000,29.5500,19.7000,-1.0000,1500.0000,sz300715,20,30
2019-06-04,62.5520,31.2760,22.3400,-1.0000,1400.0000,sz300729,20,30
2019-06-04,75.6700,37.8350,3.2900,-1.0000,11500.0000,sh600815,20,30
2019-06-04,78.3360,39.1680,10.8800,-1.0000,3600.0000,sz000785,20,30
2019-06-04,46.0900,23.0450,4.1900,-1.0000,5500.0000,sz000752,20,30
2019-06-04,61.9080,30.9540,4.6200,-1.0000,6700.0000,sz002347,20,30
2019-06-04,57.0720,28.5360,11.8900,-1.0000,2400.0000,sh603677,20,30
2019-06-04,54.5400,27.2700,15.1500,-1.0000,1800.0000,sh603663,20,30
2019-06-04,63.2200,31.6100,10.9000,-1.0000,2900.0000,sz000020,20,30
2019-06-04,65.9320,32.9660,6.2200,-1.0000,5300.0000,sz002743,20,30
2019-06-04,73.4380,36.7190,5.0300,-1.0000,7300.0000,sz000632,20,30
2019-06-04,68.5780,34.2890,20.1700,-1.0000,1700.0000,sz300675,20,30
2019-06-04,65.9200,32.9600,16.4800,-1.0000,2000.0000,sh600785,20,30
2019-06-04,63.8780,0.0000,16.8100,1.0000,1900.0000,sh603139,20,30
2019-06-04,66.6240,0.0000,13.8800,1.0000,2400.0000,sz002810,20,30
2019-06-04,65.3840,0.0000,14.8600,1.0000,2200.0000,sz002623,20,30
2019-06-04,64.5440,0.0000,20.1700,1.0000,1600.0000,sz300675,20,30
2019-06-04,65.2800,0.0000,10.8800,1.0000,3000.0000,sz000785,20,30
2019-06-04,64.5600,0.0000,16.1400,1.0000,2000.0000,sh603887,20,30
2019-06-04,65.9200,0.0000,4.1200,1.0000,8000.0000,sh600791,20,30
2019-06-04,66.4580,0.0000,3.2900,1.0000,10100.0000,sh600815,20,30
2019-06-04,65.6420,0.0000,14.2700,1.0000,2300.0000,sz300517,20,30
2019-06-04,63.9120,0.0000,26.6300,1.0000,1200.0000,sz300488,20,30
2019-06-04,65.4000,0.0000,10.9000,1.0000,3000.0000,sz000020,20,30
2019-06-04,65.9320,0.0000,6.2200,1.0000,5300.0000,sz002743,20,30
2019-06-04,62.1000,0.0000,34.5000,1.0000,900.0000,sz300701,20,30
2019-06-04,65.3640,0.0000,8.3800,1.0000,3900.0000,sz300503,20,30
2019-06-04,63.0400,0.0000,19.7000,1.0000,1600.0000,sz300715,20,30
2019-06-04,66.6400,0.0000,16.6600,1.0000,2000.0000,sh603878,20,30
2019-06-04,66.3960,0.0000,5.0300,1.0000,6600.0000,sz000632,20,30
2019-06-04,66.4620,0.0000,6.2700,1.0000,5300.0000,sh600746,20,30
2019-06-04,64.5000,0.0000,21.5000,1.0000,1500.0000,sz300649,20,30
2019-06-04,66.0960,0.0000,4.5900,1.0000,7200.0000,sz300067,20,30
2019-06-04,62.5520,0.0000,22.3400,1.0000,1400.0000,sz300729,20,30
2019-06-04,66.2400,0.0000,7.2000,1.0000,4600.0000,sh600356,20,30
2019-06-04,66.5280,0.0000,6.9300,1.0000,4800.0000,sz002637,20,30
2019-06-04,66.5840,0.0000,11.8900,1.0000,2800.0000,sh603677,20,30
2019-06-04,65.6240,0.0000,6.3100,1.0000,5200.0000,sz000593,20,30
2019-06-04,66.2020,0.0000,4.1900,1.0000,7900.0000,sz000752,20,30
2019-06-04,66.6600,0.0000,15.1500,1.0000,2200.0000,sh603663,20,30
2019-06-04,66.2400,0.0000,9.2000,1.0000,3600.0000,sz300265,20,30
2019-06-04,64.0200,0.0000,21.3400,1.0000,1500.0000,sz002780,20,30
2019-06-04,66.5280,0.0000,4.6200,1.0000,7200.0000,sz002347,20,30
2019-07-03,72.8000,36.4000,7.0000,-1.0000,5200.0000,sz000593,20,30
2019-07-03,66.4560,33.2280,8.5200,-1.0000,3900.0000,sz300503,20,30
2019-07-03,62.9280,31.4640,8.7400,-1.0000,3600.0000,sz300265,20,30
2019-07-03,73.1400,36.5700,15.9000,-1.0000,2300.0000,sz300517,20,30
2019-07-03,69.1200,34.5600,7.2000,-1.0000,4800.0000,sz002637,20,30
2019-07-03,43.8000,21.9000,10.9500,-1.0000,2000.0000,sh603878,20,30
2019-07-03,69.9200,34.9600,7.6000,-1.0000,4600.0000,sh600356,20,30
2019-07-03,71.7600,35.8800,17.9400,-1.0000,2000.0000,sh603887,20,30
2019-07-03,76.6380,38.3190,7.2300,-1.0000,5300.0000,sh600746,20,30
2019-07-03,67.0400,33.5200,4.1900,-1.0000,8000.0000,sh600791,20,30
2019-07-03,64.5000,32.2500,21.5000,-1.0000,1500.0000,sz300649,20,30
2019-07-03,42.5760,21.2880,17.7400,-1.0000,1200.0000,sz300488,20,30
2019-07-03,63.3600,31.6800,21.1200,-1.0000,1500.0000,sz002780,20,30
2019-07-03,67.4120,33.7060,17.7400,-1.0000,1900.0000,sh603139,20,30
2019-07-03,45.9360,22.9680,25.5200,-1.0000,900.0000,sz300701,20,30
2019-07-03,72.0000,36.0000,15.0000,-1.0000,2400.0000,sz002810,20,30
2019-07-03,66.3080,33.1540,15.0700,-1.0000,2200.0000,sz002623,20,30
2019-07-03,66.7200,33.3600,20.8500,-1.0000,1600.0000,sz300715,20,30
2019-07-03,65.2400,32.6200,23.3000,-1.0000,1400.0000,sz300729,20,30
2019-07-03,60.8020,30.4010,3.0100,-1.0000,10100.0000,sh600815,20,30
2019-07-03,61.6200,30.8100,10.2700,-1.0000,3000.0000,sz000785,20,30
2019-07-03,71.7320,35.8660,4.5400,-1.0000,7900.0000,sz000752,20,30
2019-07-03,71.2800,35.6400,4.9500,-1.0000,7200.0000,sz002347,20,30
2019-07-03,68.8240,34.4120,12.2900,-1.0000,2800.0000,sh603677,20,30
2019-07-03,61.2920,30.6460,13.9300,-1.0000,2200.0000,sh603663,20,30
2019-07-03,66.3600,33.1800,11.0600,-1.0000,3000.0000,sz000020,20,30
2019-07-03,67.2040,33.6020,6.3400,-1.0000,5300.0000,sz002743,20,30
2019-07-03,73.5240,36.7620,5.5700,-1.0000,6600.0000,sz000632,20,30
2019-07-03,58.0480,29.0240,18.1400,-1.0000,1600.0000,sz300675,20,30
2019-07-03,67.6800,33.8400,4.7000,-1.0000,7200.0000,sz300067,20,30
2019-07-03,65.7280,0.0000,10.2700,1.0000,3200.0000,sz000785,20,30
2019-07-03,66.5160,0.0000,7.2300,1.0000,4600.0000,sh600746,20,30
2019-07-03,63.3600,0.0000,21.1200,1.0000,1500.0000,sz002780,20,30
2019-07-03,64.5000,0.0000,21.5000,1.0000,1500.0000,sz300649,20,30
2019-07-03,66.2840,0.0000,4.5400,1.0000,7300.0000,sz000752,20,30
2019-07-03,65.7000,0.0000,10.9500,1.0000,3000.0000,sh603878,20,30
2019-07-03,62.5500,0.0000,20.8500,1.0000,1500.0000,sz300715,20,30
2019-07-03,66.4240,0.0000,8.7400,1.0000,3800.0000,sz300265,20,30
2019-07-03,65.8000,0.0000,7.0000,1.0000,4700.0000,sz000593,20,30
2019-07-03,66.3660,0.0000,12.2900,1.0000,2700.0000,sh603677,20,30
2019-07-03,66.2200,0.0000,3.0100,1.0000,11000.0000,sh600815,20,30
2019-07-03,66.4560,0.0000,8.5200,1.0000,3900.0000,sz300503,20,30
2019-07-03,63.8640,0.0000,17.7400,1.0000,1800.0000,sh603139,20,30
2019-07-03,65.7260,0.0000,5.5700,1.0000,5900.0000,sz000632,20,30
2019-07-03,66.2020,0.0000,4.1900,1.0000,7900.0000,sh600791,20,30
2019-07-03,65.7000,0.0000,18.2500,1.0000,1800.0000,sz002757,20,30
2019-07-03,65.2400,0.0000,23.3000,1.0000,1400.0000,sz300729,20,30
2019-07-03,65.3600,0.0000,7.6000,1.0000,4300.0000,sh600356,20,30
2019-07-03,63.6000,0.0000,15.9000,1.0000,2000.0000,sz300517,20,30
2019-07-03,66.3520,0.0000,25.5200,1.0000,1300.0000,sz300701,20,30
2019-07-03,65.3040,0.0000,18.1400,1.0000,1800.0000,sz300675,20,30
2019-07-03,65.0180,0.0000,11.2100,1.0000,2900.0000,sz002838,20,30
2019-07-03,63.8640,0.0000,17.7400,1.0000,1800.0000,sz300488,20,30
2019-07-03,66.3300,0.0000,4.9500,1.0000,6700.0000,sz002347,20,30
2019-07-03,66.0000,0.0000,15.0000,1.0000,2200.0000,sz002810,20,30
2019-07-03,64.5840,0.0000,17.9400,1.0000,1800.0000,sh603887,20,30
2019-07-03,65.9360,0.0000,6.3400,1.0000,5200.0000,sz002743,20,30
2019-07-03,64.0780,0.0000,13.9300,1.0000,2300.0000,sh603663,20,30
2019-07-03,66.3080,0.0000,15.0700,1.0000,2200.0000,sz002623,20,30
2019-07-03,66.2400,0.0000,7.2000,1.0000,4600.0000,sz002637,20,30
2019-07-31,61.8520,30.9260,6.5800,-1.0000,4700.0000,sz000593,20,30
2019-07-31,64.3500,32.1750,8.2500,-1.0000,3900.0000,sz300503,20,30
2019-07-31,64.0680,32.0340,8.4300,-1.0000,3800.0000,sz300265,20,30
2019-07-31,60.5600,30.2800,15.1400,-1.0000,2000.0000,sz300517,20,30
2019-07-31,63.9400,31.9700,6.9500,-1.0000,4600.0000,sz002637,20,30
2019-07-31,59.9400,29.9700,9.9900,-1.0000,3000.0000,sh603878,20,30
2019-07-31,65.3600,32.6800,7.6000,-1.0000,4300.0000,sh600356,20,30
2019-07-31,66.4920,33.2460,18.4700,-1.0000,1800.0000,sh603887,20,30
2019-07-31,61.8240,30.9120,6.7200,-1.0000,4600.0000,sh600746,20,30
2019-07-31,62.0940,31.0470,3.9300,-1.0000,7900.0000,sh600791,20,30
2019-07-31,63.3300,31.6650,21.1100,-1.0000,1500.0000,sz300649,20,30
2019-07-31,63.4680,31.7340,17.6300,-1.0000,1800.0000,sz300488,20,30
2019-07-31,60.6000,30.3000,20.2000,-1.0000,1500.0000,sz002780,20,30
2019-07-31,61.4880,30.7440,17.0800,-1.0000,1800.0000,sh603139,20,30
2019-07-31,60.8920,30.4460,23.4200,-1.0000,1300.0000,sz300701,20,30
2019-07-31,62.4800,31.2400,14.2000,-1.0000,2200.0000,sz002810,20,30
2019-07-31,64.4600,32.2300,14.6500,-1.0000,2200.0000,sz002623,20,30
2019-07-31,58.8900,29.4450,19.6300,-1.0000,1500.0000,sz300715,20,30
2019-07-31,63.9240,31.9620,22.8300,-1.0000,1400.0000,sz300729,20,30
2019-07-31,65.7800,32.8900,2.9900,-1.0000,11000.0000,sh600815,20,30
2019-07-31,62.3360,31.1680,9.7400,-1.0000,3200.0000,sz000785,20,30
2019-07-31,59.4220,29.7110,4.0700,-1.0000,7300.0000,sz000752,20,30
2019-07-31,62.5780,31.2890,4.6700,-1.0000,6700.0000,sz002347,20,30
2019-07-31,76.0320,38.0160,14.0800,-1.0000,2700.0000,sh603677,20,30
2019-07-31,66.2400,33.1200,14.4000,-1.0000,2300.0000,sh603663,20,30
2019-07-31,61.3600,30.6800,5.9000,-1.0000,5200.0000,sz002743,20,30
2019-07-31,66.9060,33.4530,5.6700,-1.0000,5900.0000,sz000632,20,30
2019-07-31,61.0200,30.5100,16.9500,-1.0000,1800.0000,sz300675,20,30
2019-07-31,65.5200,32.7600,18.2000,-1.0000,1800.0000,sz002757,20,30
2019-07-31,68.6140,34.3070,11.8300,-1.0000,2900.0000,sz002838,20,30
2019-07-31,63.4680,0.0000,17.6300,1.0000,1800.0000,sz300488,20,30
2019-07-31,65.9340,0.0000,9.9900,1.0000,3300.0000,sh603878,20,30
2019-07-31,64.7680,0.0000,14.0800,1.0000,2300.0000,sh603677,20,30
2019-07-31,64.9040,0.0000,17.0800,1.0000,1900.0000,sh603139,20,30
2019-07-31,64.6400,0.0000,20.2000,1.0000,1600.0000,sz002780,20,30
2019-07-31,65.5760,0.0000,23.4200,1.0000,1400.0000,sz300701,20,30
2019-07-31,64.4600,0.0000,14.6500,1.0000,2200.0000,sz002623,20,30
2019-07-31,65.5200,0.0000,18.2000,1.0000,1800.0000,sz002757,20,30
2019-07-31,66.0800,0.0000,5.9000,1.0000,5600.0000,sz002743,20,30
2019-07-31,63.3300,0.0000,21.1100,1.0000,1500.0000,sz300649,20,30
2019-07-31,65.3600,0.0000,7.6000,1.0000,4300.0000,sh600356,20,30
2019-07-31,66.0240,0.0000,3.9300,1.0000,8400.0000,sh600791,20,30
2019-07-31,65.3300,0.0000,6.9500,1.0000,4700.0000,sz002637,20,30
2019-07-31,65.7720,0.0000,5.6700,1.0000,5800.0000,sz000632,20,30
2019-07-31,66.4920,0.0000,18.4700,1.0000,1800.0000,sh603887,20,30
2019-07-31,66.3780,0.0000,2.9900,1.0000,11100.0000,sh600815,20,30
2019-07-31,66.3140,0.0000,4.6700,1.0000,7100.0000,sz002347,20,30
2019-07-31,65.7540,0.0000,8.4300,1.0000,3900.0000,sz300265,20,30
2019-07-31,63.9240,0.0000,22.8300,1.0000,1400.0000,sz300729,20,30
2019-07-31,65.8000,0.0000,6.5800,1.0000,5000.0000,sz000593,20,30
2019-07-31,66.0000,0.0000,8.2500,1.0000,4000.0000,sz300503,20,30
2019-07-31,66.2400,0.0000,14.4000,1.0000,2300.0000,sh603663,20,30
2019-07-31,65.3200,0.0000,14.2000,1.0000,2300.0000,sz002810,20,30
2019-07-31,66.2320,0.0000,9.7400,1.0000,3400.0000,sz000785,20,30
2019-07-31,65.9340,0.0000,4.0700,1.0000,8100.0000,sz000752,20,30
2019-07-31,65.1000,0.0000,10.5000,1.0000,3100.0000,sz000020,20,30
2019-07-31,66.6160,0.0000,15.1400,1.0000,2200.0000,sz300517,20,30
2019-07-31,62.8160,0.0000,19.6300,1.0000,1600.0000,sz300715,20,30
2019-07-31,65.8560,0.0000,6.7200,1.0000,4900.0000,sh600746,20,30
2019-07-31,64.4100,0.0000,16.9500,1.0000,1900.0000,sz300675,20,30
2019-08-28,62.2000,31.1000,6.2200,-1.0000,5000.0000,sz000593,20,30
2019-08-28,64.8000,32.4000,8.1000,-1.0000,4000.0000,sz300503,20,30
2019-08-28,60.9960,30.4980,7.8200,-1.0000,3900.0000,sz300265,20,30
2019-08-28,62.3040,31.1520,14.1600,-1.0000,2200.0000,sz300517,20,30
2019-08-28,67.6800,33.8400,7.2000,-1.0000,4700.0000,sz002637,20,30
2019-08-28,61.7100,30.8550,9.3500,-1.0000,3300.0000,sh603878,20,30
2019-08-28,67.2520,33.6260,7.8200,-1.0000,4300.0000,sh600356,20,30
2019-08-28,69.8040,34.9020,19.3900,-1.0000,1800.0000,sh603887,20,30
2019-08-28,62.4260,31.2130,6.3700,-1.0000,4900.0000,sh600746,20,30
2019-08-28,63.1680,31.5840,3.7600,-1.0000,8400.0000,sh600791,20,30
2019-08-28,58.8000,29.4000,19.6000,-1.0000,1500.0000,sz300649,20,30
2019-08-28,58.8240,29.4120,16.3400,-1.0000,1800.0000,sz300488,20,30
2019-08-28,58.8800,29.4400,18.4000,-1.0000,1600.0000,sz002780,20,30
2019-08-28,65.6640,32.8320,17.2800,-1.0000,1900.0000,sh603139,20,30
2019-08-28,63.6160,31.8080,22.7200,-1.0000,1400.0000,sz300701,20,30
2019-08-28,61.5480,30.7740,13.3800,-1.0000,2300.0000,sz002810,20,30
2019-08-28,60.8960,30.4480,13.8400,-1.0000,2200.0000,sz002623,20,30
2019-08-28,61.8560,30.9280,19.3300,-1.0000,1600.0000,sz300715,20,30
2019-08-28,61.4600,30.7300,21.9500,-1.0000,1400.0000,sz300729,20,30
2019-08-28,64.1580,32.0790,2.8900,-1.0000,11100.0000,sh600815,20,30
2019-08-28,67.8640,33.9320,9.9800,-1.0000,3400.0000,sz000785,20,30
2019-08-28,65.6100,32.8050,4.0500,-1.0000,8100.0000,sz000752,20,30
2019-08-28,67.0240,33.5120,4.7200,-1.0000,7100.0000,sz002347,20,30
2019-08-28,54.9700,27.4850,11.9500,-1.0000,2300.0000,sh603677,20,30
2019-08-28,68.4940,34.2470,14.8900,-1.0000,2300.0000,sh603663,20,30
2019-08-28,69.6260,34.8130,11.2300,-1.0000,3100.0000,sz000020,20,30
2019-08-28,66.6400,33.3200,5.9500,-1.0000,5600.0000,sz002743,20,30
2019-08-28,76.9080,38.4540,6.6300,-1.0000,5800.0000,sz000632,20,30
2019-08-28,62.6240,31.3120,16.4800,-1.0000,1900.0000,sz300675,20,30
2019-08-28,69.8400,34.9200,19.4000,-1.0000,1800.0000,sz002757,20,30
2019-08-28,65.6880,0.0000,7.8200,1.0000,4200.0000,sz300265,20,30
2019-08-28,65.9200,0.0000,16.4800,1.0000,2000.0000,sz300675,20,30
2019-08-28,66.0800,0.0000,4.7200,1.0000,7000.0000,sz002347,20,30
2019-08-28,65.1360,0.0000,14.1600,1.0000,2300.0000,sz300517,20,30
2019-08-28,66.2400,0.0000,7.2000,1.0000,4600.0000,sz002637,20,30
2019-08-28,63.6160,0.0000,22.7200,1.0000,1400.0000,sz300701,20,30
2019-08-28,66.4200,0.0000,8.1000,1.0000,4100.0000,sz300503,20,30
2019-08-28,66.6400,0.0000,19.6000,1.0000,1700.0000,sz300649,20,30
2019-08-28,65.5160,0.0000,14.8900,1.0000,2200.0000,sh603663,20,30
2019-08-28,66.4800,0.0000,5.5400,1.0000,6000.0000,sh600381,20,30
2019-08-28,64.2240,0.0000,13.3800,1.0000,2400.0000,sz002810,20,30
2019-08-28,66.1760,0.0000,3.7600,1.0000,8800.0000,sh600791,20,30
2019-08-28,65.7220,0.0000,19.3300,1.0000,1700.0000,sz300715,20,30
2019-08-28,65.8500,0.0000,21.9500,1.0000,1500.0000,sz300729,20,30
2019-08-28,65.8680,0.0000,9.9800,1.0000,3300.0000,sz000785,20,30
2019-08-28,64.5300,0.0000,11.9500,1.0000,2700.0000,sh603677,20,30
2019-08-28,66.2400,0.0000,18.4000,1.0000,1800.0000,sz002780,20,30
2019-08-28,65.6640,0.0000,17.2800,1.0000,1900.0000,sh603139,20,30
2019-08-28,65.4500,0.0000,9.3500,1.0000,3500.0000,sh603878,20,30
2019-08-28,66.2480,0.0000,6.3700,1.0000,5200.0000,sh600746,20,30
2019-08-28,66.4200,0.0000,4.0500,1.0000,8200.0000,sz000752,20,30
2019-08-28,66.6400,0.0000,5.9500,1.0000,5600.0000,sz002743,20,30
2019-08-28,65.1340,0.0000,11.2300,1.0000,2900.0000,sz000020,20,30
2019-08-28,64.9800,0.0000,10.8300,1.0000,3000.0000,sz002186,20,30
2019-08-28,66.4700,0.0000,2.8900,1.0000,11500.0000,sh600815,20,30
2019-08-28,66.4320,0.0000,13.8400,1.0000,2400.0000,sz002623,20,30
2019-08-28,65.3600,0.0000,16.3400,1.0000,2000.0000,sz300488,20,30
2019-08-28,65.9320,0.0000,6.2200,1.0000,5300.0000,sz000593,20,30
2019-08-28,66.3000,0.0000,6.6300,1.0000,5000.0000,sz000632,20,30
2019-08-28,65.6880,0.0000,7.8200,1.0000,4200.0000,sh600356,20,30
2019-09-26,66.7800,33.3900,6.3000,-1.0000,5300.0000,sz000593,20,30
2019-09-26,71.3400,35.6700,8.7000,-1.0000,4100.0000,sz300503,20,30
2019-09-26,68.2920,34.1460,8.1300,-1.0000,4200.0000,sz300265,20,30
2019-09-26,69.0000,34.5000,15.0000,-1.0000,2300.0000,sz300517,20,30
2019-09-26,67.3440,33.6720,7.3200,-1.0000,4600.0000,sz002637,20,30
2019-09-26,69.7200,34.8600,9.9600,-1.0000,3500.0000,sh603878,20,30
2019-09-26,67.1160,33.5580,7.9900,-1.0000,4200.0000,sh600356,20,30
2019-09-26,71.7600,35.8800,6.9000,-1.0000,5200.0000,sh600746,20,30
2019-09-26,66.7040,33.3520,3.7900,-1.0000,8800.0000,sh600791,20,30
2019-09-26,69.6660,34.8330,20.4900,-1.0000,1700.0000,sz300649,20,30
2019-09-26,69.0800,34.5400,17.2700,-1.0000,2000.0000,sz300488,20,30
2019-09-26,66.1680,33.0840,18.3800,-1.0000,1800.0000,sz002780,20,30
2019-09-26,64.2200,32.1100,16.9000,-1.0000,1900.0000,sh603139,20,30
2019-09-26,70.7840,35.3920,25.2800,-1.0000,1400.0000,sz300701,20,30
2019-09-26,65.6160,32.8080,13.6700,-1.0000,2400.0000,sz002810,20,30
2019-09-26,69.0720,34.5360,14.3900,-1.0000,2400.0000,sz002623,20,30
2019-09-26,70.0740,35.0370,20.6100,-1.0000,1700.0000,sz300715,20,30
2019-09-26,68.1900,34.0950,22.7300,-1.0000,1500.0000,sz300729,20,30
2019-09-26,77.2800,38.6400,3.3600,-1.0000,11500.0000,sh600815,20,30
2019-09-26,71.3460,35.6730,10.8100,-1.0000,3300.0000,sz000785,20,30
2019-09-26,64.7800,32.3900,3.9500,-1.0000,8200.0000,sz000752,20,30
2019-09-26,64.5400,32.2700,4.6100,-1.0000,7000.0000,sz002347,20,30
2019-09-26,63.9900,31.9950,11.8500,-1.0000,2700.0000,sh603677,20,30
2019-09-26,65.4280,32.7140,14.8700,-1.0000,2200.0000,sh603663,20,30
2019-09-26,66.7000,33.3500,11.5000,-1.0000,2900.0000,sz000020,20,30
2019-09-26,75.0400,37.5200,6.7000,-1.0000,5600.0000,sz002743,20,30
2019-09-26,61.1000,30.5500,6.1100,-1.0000,5000.0000,sz000632,20,30
2019-09-26,65.8000,32.9000,16.4500,-1.0000,2000.0000,sz300675,20,30
2019-09-26,65.5200,32.7600,10.9200,-1.0000,3000.0000,sz002186,20,30
2019-09-26,65.2800,32.6400,5.4400,-1.0000,6000.0000,sh600381,20,30
2019-09-26,66.1940,0.0000,14.3900,1.0000,2300.0000,sz002623,20,30
2019-09-26,66.3600,0.0000,3.9500,1.0000,8400.0000,sz000752,20,30
2019-09-26,66.1680,0.0000,18.3800,1.0000,1800.0000,sz002780,20,30
2019-09-26,65.9460,0.0000,3.7900,1.0000,8700.0000,sh600791,20,30
2019-09-26,66.1200,0.0000,8.7000,1.0000,3800.0000,sz300503,20,30
2019-09-26,65.9880,0.0000,6.1100,1.0000,5400.0000,sz000632,20,30
2019-09-26,64.2200,0.0000,16.9000,1.0000,1900.0000,sh603139,20,30
2019-09-26,65.8000,0.0000,16.4500,1.0000,2000.0000,sz300675,20,30
2019-09-26,66.3680,0.0000,5.4400,1.0000,6100.0000,sh600381,20,30
2019-09-26,65.4280,0.0000,14.8700,1.0000,2200.0000,sh603663,20,30
2019-09-26,63.6440,0.0000,22.7300,1.0000,1400.0000,sz300729,20,30
2019-09-26,66.6660,0.0000,8.1300,1.0000,4100.0000,sz300265,20,30
2019-09-26,64.8600,0.0000,10.8100,1.0000,3000.0000,sz000785,20,30
2019-09-26,65.6160,0.0000,13.6700,1.0000,2400.0000,sz002810,20,30
2019-09-26,66.0000,0.0000,15.0000,1.0000,2200.0000,sz300517,20,30
2019-09-26,66.2400,0.0000,6.9000,1.0000,4800.0000,sh600746,20,30
2019-09-26,66.3840,0.0000,4.6100,1.0000,7200.0000,sz002347,20,30
2019-09-26,65.7360,0.0000,9.9600,1.0000,3300.0000,sh603878,20,30
2019-09-26,64.4000,0.0000,11.5000,1.0000,2800.0000,sz000020,20,30
2019-09-26,65.5680,0.0000,20.4900,1.0000,1600.0000,sz300649,20,30
2019-09-26,65.5180,0.0000,7.9900,1.0000,4100.0000,sh600356,20,30
2019-09-26,65.5200,0.0000,6.3000,1.0000,5200.0000,sz000593,20,30
2019-09-26,65.7280,0.0000,25.2800,1.0000,1300.0000,sz300701,20,30
2019-09-26,65.6600,0.0000,6.7000,1.0000,4900.0000,sz002743,20,30
2019-09-26,65.8800,0.0000,7.3200,1.0000,4500.0000,sz002637,20,30
2019-09-26,65.9520,0.0000,20.6100,1.0000,1600.0000,sz300715,20,30
2019-09-26,66.3600,0.0000,11.8500,1.0000,2800.0000,sh603677,20,30
2019-09-26,64.7900,0.0000,17.0500,1.0000,1900.0000,sz002757,20,30
2019-09-26,65.6260,0.0000,17.2700,1.0000,1900.0000,sz300488,20,30
2019-09-26,66.5280,0.0000,3.3600,1.0000,9900.0000,sh600815,20,30
2019-10-31,67.1840,33.5920,6.4600,-1.0000,5200.0000,sz000593,20,30
2019-10-31,71.2120,35.6060,9.3700,-1.0000,3800.0000,sz300503,20,30
2019-10-31,64.6980,32.3490,7.8900,-1.0000,4100.0000,sz300265,20,30
2019-10-31,64.8120,32.4060,14.7300,-1.0000,2200.0000,sz300517,20,30
2019-10-31,74.4300,37.2150,8.2700,-1.0000,4500.0000,sz002637,20,30
2019-10-31,66.7260,33.3630,10.1100,-1.0000,3300.0000,sh603878,20,30
2019-10-31,66.4200,33.2100,8.1000,-1.0000,4100.0000,sh600356,20,30
2019-10-31,71.6160,35.8080,7.4600,-1.0000,4800.0000,sh600746,20,30
2019-10-31,64.0320,32.0160,3.6800,-1.0000,8700.0000,sh600791,20,30
2019-10-31,66.5280,33.2640,20.7900,-1.0000,1600.0000,sz300649,20,30
2019-10-31,63.6120,31.8060,16.7400,-1.0000,1900.0000,sz300488,20,30
2019-10-31,68.0400,34.0200,18.9000,-1.0000,1800.0000,sz002780,20,30
2019-10-31,64.0300,32.0150,16.8500,-1.0000,1900.0000,sh603139,20,30
2019-10-31,60.5280,30.2640,23.2800,-1.0000,1300.0000,sz300701,20,30
2019-10-31,78.6240,39.3120,16.3800,-1.0000,2400.0000,sz002810,20,30
2019-10-31,60.7660,30.3830,13.2100,-1.0000,2300.0000,sz002623,20,30
2019-10-31,68.8000,34.4000,21.5000,-1.0000,1600.0000,sz300715,20,30
2019-10-31,64.3160,32.1580,22.9700,-1.0000,1400.0000,sz300729,20,30
2019-10-31,62.3700,31.1850,3.1500,-1.0000,9900.0000,sh600815,20,30
2019-10-31,59.2200,29.6100,9.8700,-1.0000,3000.0000,sz000785,20,30
2019-10-31,64.8480,32.4240,3.8600,-1.0000,8400.0000,sz000752,20,30
2019-10-31,64.8000,32.4000,4.5000,-1.0000,7200.0000,sz002347,20,30
2019-10-31,67.5920,33.7960,12.0700,-1.0000,2800.0000,sh603677,20,30
2019-10-31,57.3760,28.6880,13.0400,-1.0000,2200.0000,sh603663,20,30
2019-10-31,60.4800,30.2400,10.8000,-1.0000,2800.0000,sz000020,20,30
2019-10-31,61.4460,30.7230,6.2700,-1.0000,4900.0000,sz002743,20,30
2019-10-31,66.5280,33.2640,6.1600,-1.0000,5400.0000,sz000632,20,30
2019-10-31,59.7600,29.8800,14.9400,-1.0000,2000.0000,sz300675,20,30
2019-10-31,63.8400,31.9200,16.8000,-1.0000,1900.0000,sz002757,20,30
2019-10-31,64.6600,32.3300,5.3000,-1.0000,6100.0000,sh600381,20,30
2019-10-31,66.3920,0.0000,3.8600,1.0000,8600.0000,sz000752,20,30
2019-10-31,66.2400,0.0000,3.6800,1.0000,9000.0000,sh600791,20,30
2019-10-31,65.5900,0.0000,9.3700,1.0000,3500.0000,sz300503,20,30
2019-10-31,66.5280,0.0000,20.7900,1.0000,1600.0000,sz300649,20,30
2019-10-31,65.7200,0.0000,5.3000,1.0000,6200.0000,sh600381,20,30
2019-10-31,64.8120,0.0000,14.7300,1.0000,2200.0000,sz300517,20,30
2019-10-31,64.7040,0.0000,10.1100,1.0000,3200.0000,sh603878,20,30
2019-10-31,64.3160,0.0000,22.9700,1.0000,1400.0000,sz300729,20,30
2019-10-31,65.9200,0.0000,10.3000,1.0000,3200.0000,sz002186,20,30
2019-10-31,65.2000,0.0000,13.0400,1.0000,2500.0000,sh603663,20,30
2019-10-31,65.5200,0.0000,16.3800,1.0000,2000.0000,sz002810,20,30
2019-10-31,64.0300,0.0000,16.8500,1.0000,1900.0000,sh603139,20,30
2019-10-31,66.1500,0.0000,3.1500,1.0000,10500.0000,sh600815,20,30
2019-10-31,66.5280,0.0000,6.1600,1.0000,5400.0000,sz000632,20,30
2019-10-31,65.8920,0.0000,6.4600,1.0000,5100.0000,sz000593,20,30
2019-10-31,66.2760,0.0000,7.8900,1.0000,4200.0000,sz300265,20,30
2019-10-31,63.8400,0.0000,16.8000,1.0000,1900.0000,sz002757,20,30
2019-10-31,66.6000,0.0000,4.5000,1.0000,7400.0000,sz002347,20,30
2019-10-31,66.4620,0.0000,6.2700,1.0000,5300.0000,sz002743,20,30
2019-10-31,65.7360,0.0000,14.9400,1.0000,2200.0000,sz300675,20,30
2019-10-31,65.1780,0.0000,12.0700,1.0000,2700.0000,sh603677,20,30
2019-10-31,63.6120,0.0000,16.7400,1.0000,1900.0000,sz300488,20,30
2019-10-31,65.6480,0.0000,7.4600,1.0000,4400.0000,sh600746,20,30
2019-10-31,65.1840,0.0000,23.2800,1.0000,1400.0000,sz300701,20,30
2019-10-31,65.1420,0.0000,9.8700,1.0000,3300.0000,sz000785,20,30
2019-10-31,66.4200,0.0000,8.1000,1.0000,4100.0000,sh600356,20,30
2019-10-31,64.5000,0.0000,21.5000,1.0000,1500.0000,sz300715,20,30
2019-10-31,64.8000,0.0000,10.8000,1.0000,3000.0000,sz000020,20,30
2019-10-31,64.2600,0.0000,18.9000,1.0000,1700.0000,sz002780,20,30
2019-10-31,66.0500,0.0000,13.2100,1.0000,2500.0000,sz002623,20,30
2019-11-28,62.1180,31.0590,6.0900,-1.0000,5100.0000,sz000593,20,30
2019-11-28,70.3500,35.1750,10.0500,-1.0000,3500.0000,sz300503,20,30
2019-11-28,65.0160,32.5080,7.7400,-1.0000,4200.0000,sz300265,20,30
2019-11-28,61.8640,30.9320,14.0600,-1.0000,2200.0000,sz300517,20,30
2019-11-28,65.4720,32.7360,10.2300,-1.0000,3200.0000,sh603878,20,30
2019-11-28,62.4020,31.2010,7.6100,-1.0000,4100.0000,sh600356,20,30
2019-11-28,59.3120,29.6560,6.7400,-1.0000,4400.0000,sh600746,20,30
2019-11-28,63.5400,31.7700,3.5300,-1.0000,9000.0000,sh600791,20,30
2019-11-28,61.2800,30.6400,19.1500,-1.0000,1600.0000,sz300649,20,30
2019-11-28,57.0380,28.5190,15.0100,-1.0000,1900.0000,sz300488,20,30
2019-11-28,57.4600,28.7300,16.9000,-1.0000,1700.0000,sz002780,20,30
2019-11-28,60.4200,30.2100,15.9000,-1.0000,1900.0000,sh603139,20,30
2019-11-28,68.0680,34.0340,24.3100,-1.0000,1400.0000,sz300701,20,30
2019-11-28,67.8400,33.9200,16.9600,-1.0000,2000.0000,sz002810,20,30
2019-11-28,65.0500,32.5250,13.0100,-1.0000,2500.0000,sz002623,20,30
2019-11-28,66.0300,33.0150,22.0100,-1.0000,1500.0000,sz300715,20,30
2019-11-28,63.2800,31.6400,22.6000,-1.0000,1400.0000,sz300729,20,30
2019-11-28,64.6800,32.3400,3.0800,-1.0000,10500.0000,sh600815,20,30
2019-11-28,64.6800,32.3400,9.8000,-1.0000,3300.0000,sz000785,20,30
2019-11-28,62.9520,31.4760,3.6600,-1.0000,8600.0000,sz000752,20,30
2019-11-28,64.6760,32.3380,4.3700,-1.0000,7400.0000,sz002347,20,30
2019-11-28,63.7200,31.8600,11.8000,-1.0000,2700.0000,sh603677,20,30
2019-11-28,62.5500,31.2750,12.5100,-1.0000,2500.0000,sh603663,20,30
2019-11-28,60.9600,30.4800,10.1600,-1.0000,3000.0000,sz000020,20,30
2019-11-28,62.2220,31.1110,5.8700,-1.0000,5300.0000,sz002743,20,30
2019-11-28,68.1480,34.0740,6.3100,-1.0000,5400.0000,sz000632,20,30
2019-11-28,67.3200,33.6600,15.3000,-1.0000,2200.0000,sz300675,20,30
2019-11-28,63.8080,31.9040,9.9700,-1.0000,3200.0000,sz002186,20,30
2019-11-28,61.3700,30.6850,16.1500,-1.0000,1900.0000,sz002757,20,30
2019-11-28,63.2400,31.6200,5.1000,-1.0000,6200.0000,sh600381,20,30
2019-11-28,65.8020,0.0000,9.9700,1.0000,3300.0000,sz002186,20,30
2019-11-28,65.0500,0.0000,13.0100,1.0000,2500.0000,sz002623,20,30
2019-11-28,66.5640,0.0000,7.7400,1.0000,4300.0000,sz300265,20,30
2019-11-28,65.7440,0.0000,5.8700,1.0000,5600.0000,sz002743,20,30
2019-11-28,63.6000,0.0000,15.9000,1.0000,2000.0000,sh603139,20,30
2019-11-28,63.2060,0.0000,24.3100,1.0000,1300.0000,sz300701,20,30
2019-11-28,66.6120,0.0000,3.6600,1.0000,9100.0000,sz000752,20,30
2019-11-28,64.4480,0.0000,16.9600,1.0000,1900.0000,sz002810,20,30
2019-11-28,65.4720,0.0000,10.2300,1.0000,3200.0000,sh603878,20,30
2019-11-28,66.0520,0.0000,6.7400,1.0000,4900.0000,sh600746,20,30
2019-11-28,66.0440,0.0000,15.0100,1.0000,2200.0000,sz300488,20,30
2019-11-28,64.2200,0.0000,16.9000,1.0000,1900.0000,sz002780,20,30
2019-11-28,64.2600,0.0000,15.3000,1.0000,2100.0000,sz300675,20,30
2019-11-28,66.5280,0.0000,3.0800,1.0000,10800.0000,sh600815,20,30
2019-11-28,66.0300,0.0000,22.0100,1.0000,1500.0000,sz300715,20,30
2019-11-28,65.1100,0.0000,19.1500,1.0000,1700.0000,sz300649,20,30
2019-11-28,65.0520,0.0000,12.5100,1.0000,2600.0000,sh603663,20,30
2019-11-28,64.6760,0.0000,14.0600,1.0000,2300.0000,sz300517,20,30
2019-11-28,63.2800,0.0000,22.6000,1.0000,1400.0000,sz300729,20,30
2019-11-28,66.3300,0.0000,10.0500,1.0000,3300.0000,sz300503,20,30
2019-11-28,66.3000,0.0000,5.1000,1.0000,6500.0000,sh600381,20,30
2019-11-28,64.6000,0.0000,16.1500,1.0000,2000.0000,sz002757,20,30
2019-11-28,66.3640,0.0000,3.5300,1.0000,9400.0000,sh600791,20,30
2019-11-28,66.6400,0.0000,9.8000,1.0000,3400.0000,sz000785,20,30
2019-11-28,66.0800,0.0000,11.8000,1.0000,2800.0000,sh603677,20,30
2019-11-28,65.7720,0.0000,6.0900,1.0000,5400.0000,sz000593,20,30
2019-11-28,65.4460,0.0000,7.6100,1.0000,4300.0000,sh600356,20,30
2019-11-28,65.0240,0.0000,10.1600,1.0000,3200.0000,sz000020,20,30
2019-11-28,65.6240,0.0000,6.3100,1.0000,5200.0000,sz000632,20,30
2019-11-28,66.4240,0.0000,4.3700,1.0000,7600.0000,sz002347,20,30
2019-12-26,64.5840,32.2920,5.9800,-1.0000,5400.0000,sz000593,20,30
2019-12-26,74.5800,37.2900,11.3000,-1.0000,3300.0000,sz300503,20,30
2019-12-26,66.6500,33.3250,7.7500,-1.0000,4300.0000,sz300265,20,30
2019-12-26,69.3680,34.6840,15.0800,-1.0000,2300.0000,sz300517,20,30
2019-12-26,68.3520,34.1760,10.6800,-1.0000,3200.0000,sh603878,20,30
2019-12-26,65.7900,32.8950,7.6500,-1.0000,4300.0000,sh600356,20,30
2019-12-26,67.2280,33.6140,6.8600,-1.0000,4900.0000,sh600746,20,30
2019-12-26,75.0120,37.5060,3.9900,-1.0000,9400.0000,sh600791,20,30
2019-12-26,66.9120,33.4560,19.6800,-1.0000,1700.0000,sz300649,20,30
2019-12-26,69.9600,34.9800,15.9000,-1.0000,2200.0000,sz300488,20,30
2019-12-26,60.7240,30.3620,15.9800,-1.0000,1900.0000,sz002780,20,30
2019-12-26,67.6000,33.8000,16.9000,-1.0000,2000.0000,sh603139,20,30
2019-12-26,81.0680,40.5340,31.1800,-1.0000,1300.0000,sz300701,20,30
2019-12-26,70.6420,35.3210,18.5900,-1.0000,1900.0000,sz002810,20,30
2019-12-26,114.6000,57.3000,22.9200,-1.0000,2500.0000,sz002623,20,30
2019-12-26,68.0400,34.0200,24.3000,-1.0000,1400.0000,sz300729,20,30
2019-12-26,63.2880,31.6440,2.9300,-1.0000,10800.0000,sh600815,20,30
2019-12-26,74.8000,37.4000,11.0000,-1.0000,3400.0000,sz000785,20,30
2019-12-26,85.5400,42.7700,4.7000,-1.0000,9100.0000,sz000752,20,30
2019-12-26,66.7280,33.3640,4.3900,-1.0000,7600.0000,sz002347,20,30
2019-12-26,69.7200,34.8600,12.4500,-1.0000,2800.0000,sh603677,20,30
2019-12-26,68.6400,34.3200,13.2000,-1.0000,2600.0000,sh603663,20,30
2019-12-26,69.0560,34.5280,10.7900,-1.0000,3200.0000,sz000020,20,30
2019-12-26,70.3360,35.1680,6.2800,-1.0000,5600.0000,sz002743,20,30
2019-12-26,64.7920,32.3960,6.2300,-1.0000,5200.0000,sz000632,20,30
2019-12-26,61.4880,30.7440,14.6400,-1.0000,2100.0000,sz300675,20,30
2019-12-26,66.9900,33.4950,10.1500,-1.0000,3300.0000,sz002186,20,30
2019-12-26,65.8400,32.9200,16.4600,-1.0000,2000.0000,sz002757,20,30
2019-12-26,70.0700,35.0350,5.3900,-1.0000,6500.0000,sh600381,20,30
2019-12-26,65.5400,0.0000,11.3000,1.0000,2900.0000,sz300503,20,30
2019-12-26,66.6000,0.0000,1.8000,1.0000,18500.0000,sz000587,20,30
2019-12-26,62.9760,0.0000,19.6800,1.0000,1600.0000,sz300649,20,30
2019-12-26,65.7060,0.0000,6.9900,1.0000,4700.0000,sz300107,20,30
2019-12-26,65.8400,0.0000,16.4600,1.0000,2000.0000,sz002757,20,30
2019-12-26,66.0380,0.0000,6.2300,1.0000,5300.0000,sz000632,20,30
2019-12-26,66.2160,0.0000,10.6800,1.0000,3100.0000,sh603878,20,30
2019-12-26,66.2700,0.0000,7.0500,1.0000,4700.0000,sh603105,20,30
2019-12-26,65.8000,0.0000,4.7000,1.0000,7000.0000,sz000752,20,30
2019-12-26,65.7800,0.0000,5.9800,1.0000,5500.0000,sz000593,20,30
2019-12-26,63.6000,0.0000,15.9000,1.0000,2000.0000,sz300488,20,30
2019-12-26,64.9600,0.0000,10.1500,1.0000,3200.0000,sz002186,20,30
2019-12-26,65.7580,0.0000,5.3900,1.0000,6100.0000,sh600381,20,30
2019-12-26,63.1800,0.0000,24.3000,1.0000,1300.0000,sz300729,20,30
2019-12-26,63.9200,0.0000,15.9800,1.0000,2000.0000,sz002780,20,30
2019-12-26,66.5680,0.0000,6.2800,1.0000,5300.0000,sz002743,20,30
2019-12-26,64.7400,0.0000,12.4500,1.0000,2600.0000,sh603677,20,30
2019-12-26,66.5000,0.0000,6.6500,1.0000,5000.0000,sh600829,20,30
2019-12-26,66.2340,0.0000,3.9900,1.0000,8300.0000,sh600791,20,30
2019-12-26,65.8240,0.0000,14.9600,1.0000,2200.0000,sh600785,20,30
2019-12-26,65.7900,0.0000,7.6500,1.0000,4300.0000,sh600356,20,30
2019-12-26,64.4160,0.0000,14.6400,1.0000,2200.0000,sz300675,20,30
2019-12-26,66.3520,0.0000,15.0800,1.0000,2200.0000,sz300517,20,30
2019-12-26,65.8560,0.0000,6.8600,1.0000,4800.0000,sh600746,20,30
2019-12-26,66.0000,0.0000,13.2000,1.0000,2500.0000,sh603663,20,30
2019-12-26,64.7400,0.0000,10.7900,1.0000,3000.0000,sz000020,20,30
2019-12-26,65.8500,0.0000,4.3900,1.0000,7500.0000,sz002347,20,30
2019-12-26,63.2060,0.0000,18.5900,1.0000,1700.0000,sz002810,20,30
2019-12-26,66.6500,0.0000,7.7500,1.0000,4300.0000,sz300265,20,30
2019-12-26,64.2200,0.0000,16.9000,1.0000,1900.0000,sh603139,20,30
