code,start,param,stock_rtn,stock_md,stock_md_start,stock_md_end,strategy_rtn,strategy_md,strategy_md_start,strategy_md_end,excessive_rtn
sh603861,2016-04-05,10,-0.2672189378981328,-0.8387699539005288,2016-08-31,2020-02-04,-0.12849548455883064,-0.6261682011435896,2016-08-31,2018-11-09,0.13872345333930214
sh603861,2016-04-07,12,-0.26240076046958205,-0.8387699539005288,2016-08-31,2020-02-04,-0.04773318460952636,-0.660752810184136,2016-08-31,2018-11-09,0.2146675758600557
sh603861,2016-04-11,14,-0.27643378380052164,-0.8387699539005288,2016-08-31,2020-02-04,-0.040714947057235995,-0.6026078533576111,2016-08-31,2018-11-09,0.23571883674328564
sh603861,2016-04-13,16,-0.2665537377996896,-0.8387699539005288,2016-08-31,2020-02-04,-0.16600899207475006,-0.7044727099996982,2016-08-31,2020-02-28,0.10054474572493954
sh603861,2016-04-15,18,-0.2907550940296564,-0.8387699539005288,2016-08-31,2020-02-04,-0.10138081266477161,-0.5897528744289926,2016-08-31,2020-02-28,0.18937428136488477
sh603861,2016-04-19,20,-0.2896994831881693,-0.8387699539005288,2016-08-31,2020-02-04,-0.20374356455652487,-0.6504727527295524,2016-08-31,2020-03-09,0.08595591863164442
sh603861,2016-04-21,22,-0.29019194315712493,-0.8387699539005288,2016-08-31,2020-02-04,-0.19168570905526794,-0.6111359930072096,2016-07-05,2020-03-09,0.098506234101857
sh603861,2016-04-25,24,-0.275815077724586,-0.8387699539005288,2016-08-31,2020-02-04,-0.23910382941345876,-0.6836912911138547,2016-07-05,2020-03-09,0.036711248311127265
sh603861,2016-04-27,26,-0.2799007973896903,-0.8387699539005288,2016-08-31,2020-02-04,-0.19467209451332068,-0.7073723942641514,2016-08-31,2020-03-09,0.08522870287636963
sh603861,2016-04-29,28,-0.2695590421685937,-0.8387699539005288,2016-08-31,2020-02-04,-0.285226974522929,-0.8038701687079371,2016-08-31,2020-03-09,-0.01566793235433528
sh603861,2016-05-04,30,-0.2756381768428845,-0.8387699539005288,2016-08-31,2020-02-04,-0.2654998459781053,-0.7837601236907251,2016-08-31,2020-03-09,0.010138330864779221
sz300526,2016-08-15,10,0.774912990230556,-0.8161365259687063,2016-11-14,2018-10-16,0.0489835539202601,-0.821218801905005,2016-11-14,2019-06-18,-0.7259294363102959
sz300526,2016-08-17,12,0.6657096066599693,-0.8161365259687063,2016-11-14,2018-10-16,0.1196339423117847,-0.7991049527328432,2016-11-14,2018-10-16,-0.5460756643481846
sz300526,2016-08-19,14,0.5626797912574404,-0.8161365259687063,2016-11-14,2018-10-16,0.1196339423117847,-0.7991049527328432,2016-11-14,2018-10-16,-0.4430458489456557
sz300526,2016-08-23,16,0.46542432194708483,-0.8161365259687063,2016-11-14,2018-10-16,0.24626111855367938,-0.7239880362044998,2016-11-14,2019-05-24,-0.21916320339340545
sz300526,2016-08-25,18,0.37381308148417136,-0.8161365259687063,2016-11-14,2018-10-16,0.3652083532268564,-0.7191539794546833,2016-11-14,2019-05-23,-0.008604728257314953
sz300526,2016-08-29,20,0.3559641296232854,-0.8161365259687063,2016-11-14,2018-10-16,0.2101080081787181,-0.7389582075645909,2016-11-14,2019-05-23,-0.14585612144456728
sz300526,2016-08-31,22,0.31022096396929033,-0.8161365259687063,2016-11-14,2018-10-16,0.27496863121023973,-0.7320634267293944,2016-11-14,2018-10-16,-0.0352523327590506
sz300526,2016-09-02,24,0.29342629195993886,-0.8161365259687063,2016-11-14,2018-10-16,0.18173652980375166,-0.7616700482854115,2016-11-14,2019-06-18,-0.1116897621561872
sz300526,2016-10-19,26,0.2989131542669887,-0.8161365259687063,2016-11-14,2018-10-16,0.037944637668864356,-0.8292505037331828,2016-11-14,2019-06-18,-0.26096851659812437
sz300526,2016-10-21,28,0.3423134861218202,-0.8161365259687063,2016-11-14,2018-10-16,-0.0008332367525651918,-0.8465177908199565,2016-11-14,2019-06-18,-0.3431467228743854
sz300526,2016-10-25,30,0.3528208757568567,-0.8161365259687063,2016-11-14,2018-10-16,0.0784108977333895,-0.821164447808702,2016-11-30,2019-06-18,-0.2744099780234672
sz002404,2010-05-24,10,0.038525203871833336,-0.6929468354502453,2015-06-05,2018-10-18,-0.04224473282103769,-0.7936754516043143,2015-06-05,2020-02-04,-0.08076993669287102
sz002404,2010-05-26,12,0.04107372397092979,-0.6929468354502453,2015-06-05,2018-10-18,-0.05647172662328426,-0.7275600530285836,2015-06-05,2020-02-04,-0.09754545059421404
sz002404,2010-05-28,14,0.03808525115317907,-0.6929468354502453,2015-06-05,2018-10-18,-0.08795374019181701,-0.7006796227487506,2015-06-05,2019-11-29,-0.12603899134499608
sz002404,2010-06-01,16,0.046442536625065145,-0.6929468354502453,2015-06-05,2018-10-18,-0.09345534943352707,-0.68668920084279,2015-06-05,2020-02-04,-0.1398978860585922
sz002404,2010-06-03,18,0.04532791722180152,-0.6929468354502453,2015-06-05,2018-10-18,-0.08279016776233283,-0.7619479930230224,2015-06-05,2020-02-04,-0.12811808498413435
sz002404,2010-06-07,20,0.04416455228560667,-0.6929468354502453,2015-06-05,2018-10-18,-0.09215785268560872,-0.748669858532812,2015-06-05,2020-02-04,-0.1363224049712154
sz002404,2010-06-09,22,0.040616380449731704,-0.6929468354502453,2015-06-05,2018-10-18,-0.10807835034424551,-0.7930520916892135,2015-06-05,2020-02-04,-0.14869473079397721
sz002404,2010-06-11,24,0.03915968375581147,-0.6929468354502453,2015-06-05,2018-10-18,-0.12326704262985944,-0.8156306344340268,2015-06-05,2020-02-04,-0.1624267263856709
sz002404,2010-06-18,26,0.04757191433223329,-0.6929468354502453,2015-06-05,2018-10-18,-0.17206469292200144,-0.8427521767759433,2015-06-05,2020-02-04,-0.21963660725423473
sz002404,2010-06-22,28,0.04408034589994725,-0.6929468354502453,2015-06-05,2018-10-18,-0.14659943142575382,-0.8128379298096058,2015-06-05,2020-02-04,-0.19067977732570107
sz002404,2010-06-24,30,0.04411915208385575,-0.6929468354502453,2015-06-05,2018-10-18,-0.16271477230138098,-0.808880873652289,2010-12-21,2020-02-04,-0.20683392438523673
sz002362,2010-03-16,10,-0.0958928905599492,-0.9090585663755072,2010-05-25,2012-12-03,-0.10035323030409293,-0.8220200800180246,2015-11-20,2020-02-28,-0.0044603397441437265
sz002362,2010-03-18,12,-0.09896750056119574,-0.9090585663755072,2010-05-25,2012-12-03,-0.08642292899991089,-0.8040568772743165,2015-11-20,2020-02-28,0.012544571561284856
sz002362,2010-03-22,14,-0.09837894418727,-0.9090585663755072,2010-05-25,2012-12-03,-0.08115441899296494,-0.8142939996946622,2015-11-20,2020-02-28,0.017224525194305063
sz002362,2010-03-24,16,-0.10808103860009433,-0.9090585663755072,2010-05-25,2012-12-03,-0.006365302466568634,-0.729209076302122,2015-11-20,2020-02-28,0.10171573613352569
sz002362,2010-03-26,18,-0.10532222836124816,-0.9090585663755072,2010-05-25,2012-12-03,-0.04505241548666461,-0.7490829229084677,2015-11-20,2020-02-28,0.06026981287458355
sz002362,2010-03-30,20,-0.10915821232486234,-0.9090585663755072,2010-05-25,2012-12-03,-0.02435067267160773,-0.7333541275209841,2010-05-25,2013-07-29,0.0848075396532546
sz002362,2010-04-01,22,-0.11325461329658415,-0.9090585663755072,2010-05-25,2012-12-03,-0.05189126187360216,-0.7182716439260821,2010-05-25,2013-07-29,0.06136335142298199
sz002362,2010-04-06,24,-0.12334388221277026,-0.9090585663755072,2010-05-25,2012-12-03,-0.08230643980305752,-0.7499148881446237,2010-05-25,2013-12-26,0.04103744240971274
sz002362,2010-04-08,26,-0.1262349444177968,-0.9090585663755072,2010-05-25,2012-12-03,-0.06519651815393446,-0.7984721830173976,2010-05-25,2013-07-29,0.061038426263862355
sz002362,2010-04-13,28,-0.122893194442102,-0.9090585663755072,2010-05-25,2012-12-03,-0.10985995540295856,-0.8181128260078094,2010-05-25,2013-07-29,0.01303323903914344
sz002362,2010-04-15,30,-0.11692032355119342,-0.9090585663755072,2010-05-25,2012-12-03,-0.11533595830612131,-0.8281031521405614,2010-05-25,2013-07-29,0.0015843652450721057
sz002376,2010-04-06,10,-0.000726419193452621,-0.6557722779734267,2015-06-05,2015-09-01,-0.052986450847738675,-0.6250513492394398,2015-06-05,2020-02-28,-0.052260031654286054
sz002376,2010-04-08,12,0.0028860250464313175,-0.6557722779734267,2015-06-05,2015-09-01,0.004807311141522108,-0.6127991217557007,2018-03-13,2019-08-13,0.0019212860950907906
sz002376,2010-04-12,14,-0.005572738587442783,-0.6557722779734267,2015-06-05,2015-09-01,-0.04071812379108597,-0.6432082134471402,2015-12-17,2020-03-13,-0.03514538520364319
sz002376,2010-04-14,16,0.006876248910643978,-0.6557722779734267,2015-06-05,2015-09-01,-0.09047076618568117,-0.5929760993371744,2015-12-17,2020-03-13,-0.09734701509632515
sz002376,2010-04-16,18,0.010335568040979792,-0.6557722779734267,2015-06-05,2015-09-01,-0.057316989137871754,-0.6751176628297815,2015-12-17,2020-03-13,-0.06765255717885155
sz002376,2010-04-20,20,0.008578008971134254,-0.6557722779734267,2015-06-05,2015-09-01,-0.028309898237392273,-0.6054231355315759,2015-06-05,2020-03-13,-0.03688790720852653
sz002376,2010-04-22,22,0.002248282792165268,-0.6557722779734267,2015-06-05,2015-09-01,-0.06142841488222506,-0.6800018254312383,2015-06-05,2020-03-13,-0.06367669767439033
sz002376,2010-04-26,24,0.00896275776245381,-0.6557722779734267,2015-06-05,2015-09-01,-0.09196084102617208,-0.7025869495451941,2015-06-05,2020-03-13,-0.10092359878862589
sz002376,2010-04-28,26,0.017565422250249263,-0.6557722779734267,2015-06-05,2015-09-01,-0.07320896383378206,-0.6733926725624038,2015-06-05,2020-03-13,-0.09077438608403132
sz002376,2010-04-30,28,0.01973085382783979,-0.6557722779734267,2015-06-05,2015-09-01,-0.06918774485369339,-0.6895472764886732,2015-06-05,2020-03-13,-0.08891859868153318
sz002376,2010-05-05,30,0.015465023595298,-0.6557722779734267,2015-06-05,2015-09-01,-0.08837756845113565,-0.7657035880781281,2015-06-05,2020-03-13,-0.10384259204643365
sz000561,2006-01-04,10,0.1402181618315319,-0.7376968098586403,2015-06-02,2018-10-16,0.11613640975425832,-0.6961603801496672,2015-12-30,2019-02-26,-0.024081752077273588
sz000561,2006-01-04,12,0.1402181618315319,-0.7376968098586403,2015-06-02,2018-10-16,0.16671044599766116,-0.726658570133683,2015-12-30,2019-02-26,0.026492284166129254
sz000561,2006-01-04,14,0.1402181618315319,-0.7376968098586403,2015-06-02,2018-10-16,0.10406428880918361,-0.7156308630005698,2015-12-30,2019-02-26,-0.03615387302234829
sz000561,2006-01-04,16,0.1402181618315319,-0.7376968098586403,2015-06-02,2018-10-16,0.07659745287182607,-0.7326496151996797,2010-04-15,2019-02-26,-0.06362070895970584
sz000561,2006-01-04,18,0.1402181618315319,-0.7376968098586403,2015-06-02,2018-10-16,0.08806744556472501,-0.695039623350703,2015-12-30,2018-11-23,-0.052150716266806896
sz000561,2006-01-04,20,0.1402181618315319,-0.7376968098586403,2015-06-02,2018-10-16,0.08340748631401773,-0.6918688617609332,2010-04-15,2014-06-20,-0.056810675517514175
sz000561,2006-01-04,22,0.1402181618315319,-0.7376968098586403,2015-06-02,2018-10-16,0.06423794767752744,-0.7678815071142675,2010-04-15,2014-06-20,-0.07598021415400447
sz000561,2006-01-04,24,0.1402181618315319,-0.7376968098586403,2015-06-02,2018-10-16,0.07723203799454703,-0.7739633062985781,2010-04-15,2014-06-20,-0.06298612383698488
sz000561,2006-01-04,26,0.1402181618315319,-0.7376968098586403,2015-06-02,2018-10-16,0.03422962687820119,-0.8234004493745835,2010-04-15,2014-06-20,-0.10598853495333072
sz000561,2006-01-04,28,0.1402181618315319,-0.7376968098586403,2015-06-02,2018-10-16,0.01327748858729838,-0.7860248613096157,2010-04-15,2014-06-20,-0.12694067324423353
sz000561,2006-01-04,30,0.1402181618315319,-0.7376968098586403,2015-06-02,2018-10-16,0.021423051457329256,-0.761581009876791,2010-04-15,2014-01-09,-0.11879511037420265
sz002410,2010-06-07,10,0.2849926838249619,-0.7123477670528959,2015-05-21,2016-01-28,0.101779926172479,-0.4650169883452303,2010-12-31,2012-12-27,-0.1832127576524829
sz002410,2010-06-09,12,0.28300023840610344,-0.7123477670528959,2015-05-21,2016-01-28,0.11662609212996822,-0.511427258189187,2015-05-21,2016-02-29,-0.16637414627613523
sz002410,2010-06-11,14,0.2788523474665954,-0.7123477670528959,2015-05-21,2016-01-28,0.18822053328788813,-0.4048129737084696,2014-02-19,2015-01-15,-0.09063181417870725
sz002410,2010-06-18,16,0.2891910037169674,-0.7123477670528959,2015-05-21,2016-01-28,0.2010001210189709,-0.3668991968984848,2015-11-25,2019-06-17,-0.08819088269799646
sz002410,2010-06-22,18,0.2791386755439793,-0.7123477670528959,2015-05-21,2016-01-28,0.2791299017317701,-0.3438306903408115,2018-05-23,2019-05-24,-8.773812209206255e-06
sz002410,2010-06-24,20,0.2761523503339658,-0.7123477670528959,2015-05-21,2016-01-28,0.3002539907106352,-0.34395104595378956,2018-05-23,2019-05-24,0.024101640376669398
sz002410,2010-06-28,22,0.2787382461240202,-0.7123477670528959,2015-05-21,2016-01-28,0.2727996237726882,-0.3700194690859322,2014-02-19,2014-12-30,-0.0059386223513320235
sz002410,2010-07-01,24,0.2834925182239936,-0.7123477670528959,2015-05-21,2016-01-28,0.27480784602206376,-0.38483252177781035,2014-02-19,2014-12-30,-0.00868467220192981
sz002410,2010-07-05,26,0.2928303564956214,-0.7123477670528959,2015-05-21,2016-01-28,0.2604882551328649,-0.42799105284356465,2015-04-08,2016-07-01,-0.032342101362756503
sz002410,2010-07-07,28,0.2868272426923024,-0.7123477670528959,2015-05-21,2016-01-28,0.22877360560926352,-0.4861546699450029,2015-04-08,2016-07-01,-0.0580536370830389
sz002410,2010-07-09,30,0.28121462444884293,-0.7123477670528959,2015-05-21,2016-01-28,0.23599714617017487,-0.44865751559122335,2015-05-21,2016-07-01,-0.045217478278668066
sh600429,2006-01-04,10,0.09289856434695842,-0.7198167592836405,2007-05-22,2008-09-16,0.12028774631699024,-0.6299225312165491,2013-10-21,2019-08-26,0.027389181970031817
sh600429,2006-01-04,12,0.09289856434695842,-0.7198167592836405,2007-05-22,2008-09-16,0.03246087255317365,-0.7854272121300179,2008-01-07,2019-08-30,-0.060437691793784776
sh600429,2006-01-04,14,0.09289856434695842,-0.7198167592836405,2007-05-22,2008-09-16,0.026011264875472007,-0.7790193528519456,2008-01-07,2020-03-13,-0.06688729947148642
sh600429,2006-01-04,16,0.09289856434695842,-0.7198167592836405,2007-05-22,2008-09-16,0.0874331914414388,-0.6160327757261882,2013-10-21,2020-03-13,-0.005465372905519628
sh600429,2006-01-04,18,0.09289856434695842,-0.7198167592836405,2007-05-22,2008-09-16,-0.0032516696302505865,-0.8245612180714441,2007-05-22,2020-03-13,-0.09615023397720901
sh600429,2006-01-04,20,0.09289856434695842,-0.7198167592836405,2007-05-22,2008-09-16,-0.030419859562671347,-0.8811806643213096,2007-05-22,2020-03-13,-0.12331842390962977
sh600429,2006-01-04,22,0.09289856434695842,-0.7198167592836405,2007-05-22,2008-09-16,-0.037585034841437825,-0.8887193961508859,2007-05-22,2020-03-13,-0.13048359918839625
sh600429,2006-01-04,24,0.09289856434695842,-0.7198167592836405,2007-05-22,2008-09-16,0.003187975896032258,-0.805417243297245,2007-05-22,2020-03-13,-0.08971058845092617
sh600429,2006-01-04,26,0.09289856434695842,-0.7198167592836405,2007-05-22,2008-09-16,-0.022436186798600377,-0.879294573108033,2007-05-22,2020-03-13,-0.1153347511455588
sh600429,2006-01-04,28,0.09289856434695842,-0.7198167592836405,2007-05-22,2008-09-16,-0.007239164888581562,-0.853035426764833,2007-05-22,2020-03-13,-0.10013772923553999
sh600429,2006-01-04,30,0.09289856434695842,-0.7198167592836405,2007-05-22,2008-09-16,0.025666674205828688,-0.801357947370906,2009-05-19,2020-03-13,-0.06723189014112974
sh603108,2015-06-09,10,-0.00112450159462818,-0.6512236487599862,2015-11-12,2019-01-25,0.026230204522444955,-0.4053581519859294,2019-04-04,2019-12-30,0.027354706117073135
sh603108,2015-06-11,12,-0.04663014702385493,-0.6512236487599862,2015-11-12,2019-01-25,-0.09693070603368548,-0.509517276039207,2015-11-12,2020-03-13,-0.05030055900983055
sh603108,2015-06-15,14,-0.09021609212279624,-0.6512236487599862,2015-11-12,2019-01-25,-0.06605556124810252,-0.48112777645786875,2016-04-06,2018-11-26,0.02416053087469372
sh603108,2015-06-17,16,-0.08815066146675321,-0.6512236487599862,2015-11-12,2019-01-25,-0.001467888559436803,-0.47847396739583403,2016-04-06,2019-01-31,0.08668277290731641
sh603108,2015-06-19,18,-0.09502716934588806,-0.6512236487599862,2015-11-12,2019-01-25,-0.08874870405902857,-0.6718195157448059,2015-11-12,2019-01-10,0.0062784652868594915
sh603108,2015-06-24,20,-0.12344050168568999,-0.6512236487599862,2015-11-12,2019-01-25,-0.028499072327423547,-0.6253129057497124,2015-11-12,2018-10-18,0.09494142935826644
sh603108,2015-06-26,22,-0.07686434772930073,-0.6512236487599862,2015-11-12,2019-01-25,-0.10516924018491858,-0.6516467366492015,2015-11-12,2018-12-25,-0.028304892455617847
sh603108,2015-06-30,24,-0.05295725164114662,-0.6512236487599862,2015-11-12,2019-01-25,-0.09480558018346474,-0.6966066209511208,2015-11-12,2019-01-23,-0.041848328542318125
sh603108,2015-07-02,26,-0.0023406123177359683,-0.6512236487599862,2015-11-12,2019-01-25,-0.07638614777593977,-0.5940415721098578,2015-11-12,2019-01-08,-0.0740455354582038
sh603108,2015-07-06,28,-0.004174764981403012,-0.6512236487599862,2015-11-12,2019-01-25,-0.10472578133629884,-0.5231333295415812,2015-11-12,2020-02-28,-0.10055101635489583
sh603108,2015-07-13,30,-0.0017062171667588943,-0.6512236487599862,2015-11-12,2019-01-25,-0.12076527414498817,-0.5809586118103147,2015-11-12,2019-12-30,-0.11905905697822927
sz002438,2010-07-06,10,0.021399416382557046,-0.7027471177979405,2015-05-22,2018-10-18,-0.12243199810601879,-0.770971038209384,2010-11-04,2020-02-11,-0.14383141448857584
sz002438,2010-07-08,12,0.025818552480253443,-0.7027471177979405,2015-05-22,2018-10-18,-0.10302615647289248,-0.7567584904649175,2012-05-31,2020-02-19,-0.12884470895314593
sz002438,2010-07-12,14,0.022632898358674325,-0.7027471177979405,2015-05-22,2018-10-18,-0.07409020957505785,-0.693871691970639,2015-04-17,2020-03-13,-0.09672310793373218
sz002438,2010-07-14,16,0.018977926191775962,-0.7027471177979405,2015-05-22,2018-10-18,-0.09752167688566638,-0.7532982877340002,2015-04-17,2020-03-13,-0.11649960307744234
sz002438,2010-07-16,18,0.023930210267820273,-0.7027471177979405,2015-05-22,2018-10-18,-0.06877510388643127,-0.7446264257143571,2015-04-17,2020-03-13,-0.09270531415425154
sz002438,2010-07-20,20,0.021056632641820672,-0.7027471177979405,2015-05-22,2018-10-18,-0.017207303100855276,-0.6375754833549276,2015-04-17,2020-03-13,-0.03826393574267595
sz002438,2010-07-22,22,0.0121116579283298,-0.7027471177979405,2015-05-22,2018-10-18,-0.04848862539580889,-0.6008337109846037,2015-04-17,2020-03-13,-0.06060028332413869
sz002438,2010-07-26,24,0.011079111192542568,-0.7027471177979405,2015-05-22,2018-10-18,-0.09681968323385248,-0.7129021649833356,2010-11-04,2020-03-13,-0.10789879442639505
sz002438,2010-07-28,26,0.011730761995999428,-0.7027471177979405,2015-05-22,2018-10-18,-0.0591765735683113,-0.5929951707259659,2010-11-04,2018-02-06,-0.07090733556431073
sz002438,2010-07-30,28,0.012266150818233124,-0.7027471177979405,2015-05-22,2018-10-18,-0.05561555473929092,-0.6697682309306812,2012-05-31,2020-03-13,-0.06788170555752404
sz002438,2010-08-03,30,0.010073529277216942,-0.7027471177979405,2015-05-22,2018-10-18,-0.06823298282776324,-0.673281741216309,2012-05-31,2020-03-13,-0.07830651210498019
sh600401,2006-01-04,10,-0.16306104067566385,-0.9773518527333074,2015-06-15,2019-06-21,0.3556445148849987,-0.5079398420838513,2015-06-15,2017-10-18,0.5187055555606626
sh600401,2006-01-04,12,-0.16306104067566385,-0.9773518527333074,2015-06-15,2019-06-21,0.27532284537706975,-0.7038308892271734,2015-06-15,2017-10-18,0.4383838860527336
sh600401,2006-01-04,14,-0.16306104067566385,-0.9773518527333074,2015-06-15,2019-06-21,0.3040273513129279,-0.5902344383903713,2015-06-15,2017-10-18,0.46708839198859176
sh600401,2006-01-04,16,-0.16306104067566385,-0.9773518527333074,2015-06-15,2019-06-21,0.23343988893422307,-0.6367152959983865,2015-06-15,2017-10-18,0.3965009296098869
sh600401,2006-01-04,18,-0.16306104067566385,-0.9773518527333074,2015-06-15,2019-06-21,0.2779758172241056,-0.5685143275172884,2015-06-15,2017-10-18,0.44103685789976943
sh600401,2006-01-04,20,-0.16306104067566385,-0.9773518527333074,2015-06-15,2019-06-21,0.1868601035264359,-0.6572456647523202,2015-06-15,2019-07-08,0.34992114420209974
sh600401,2006-01-04,22,-0.16306104067566385,-0.9773518527333074,2015-06-15,2019-06-21,0.12173602730036603,-0.6228343701507408,2015-06-15,2019-07-08,0.2847970679760299
sh600401,2006-01-04,24,-0.16306104067566385,-0.9773518527333074,2015-06-15,2019-06-21,0.16593500019841012,-0.6594387853507647,2015-06-15,2019-07-08,0.32899604087407397
sh600401,2006-01-04,26,-0.16306104067566385,-0.9773518527333074,2015-06-15,2019-06-21,0.13722120844723218,-0.6748718973000969,2015-06-15,2019-07-08,0.30028224912289603
sh600401,2006-01-04,28,-0.16306104067566385,-0.9773518527333074,2015-06-15,2019-06-21,0.10244776324569749,-0.7049984647927606,2007-05-29,2009-01-13,0.26550880392136134
sh600401,2006-01-04,30,-0.16306104067566385,-0.9773518527333074,2015-06-15,2019-06-21,0.11716973188052915,-0.7049984647927605,2007-05-29,2009-01-13,0.280230772556193
sh600367,2006-01-04,10,0.036204111840730135,-0.820789498887241,2007-10-15,2008-11-04,0.11396324924756263,-0.5992097281815005,2009-07-27,2010-08-03,0.07775913740683249
sh600367,2006-01-04,12,0.036204111840730135,-0.820789498887241,2007-10-15,2008-11-04,-0.015115470322174529,-0.8087945845487512,2009-07-27,2020-03-13,-0.051319582162904664
sh600367,2006-01-04,14,0.036204111840730135,-0.820789498887241,2007-10-15,2008-11-04,0.03650927812467941,-0.7716849171414155,2011-04-18,2020-03-13,0.00030516628394927636
sh600367,2006-01-04,16,0.036204111840730135,-0.820789498887241,2007-10-15,2008-11-04,-0.02104210905478021,-0.7666184894719081,2007-10-15,2020-03-13,-0.05724622089551035
sh600367,2006-01-04,18,0.036204111840730135,-0.820789498887241,2007-10-15,2008-11-04,-0.01550495998132595,-0.7212582595937534,2007-10-15,2020-03-13,-0.051709071822056085
sh600367,2006-01-04,20,0.036204111840730135,-0.820789498887241,2007-10-15,2008-11-04,-0.03936063477811369,-0.8276311409375029,2007-10-15,2020-03-13,-0.07556474661884383
sh600367,2006-01-04,22,0.036204111840730135,-0.820789498887241,2007-10-15,2008-11-04,-0.029720622499847638,-0.8089782210558616,2010-11-01,2020-03-13,-0.06592473434057777
sh600367,2006-01-04,24,0.036204111840730135,-0.820789498887241,2007-10-15,2008-11-04,-0.03670690602673932,-0.840047441909527,2010-11-01,2020-03-13,-0.07291101786746945
sh600367,2006-01-04,26,0.036204111840730135,-0.820789498887241,2007-10-15,2008-11-04,-0.08644005089798634,-0.9279032819295681,2007-10-15,2020-03-13,-0.12264416273871648
sh600367,2006-01-04,28,0.036204111840730135,-0.820789498887241,2007-10-15,2008-11-04,-0.09236641751672747,-0.9273478607471175,2010-11-01,2020-03-13,-0.1285705293574576
sh600367,2006-01-04,30,0.036204111840730135,-0.820789498887241,2007-10-15,2008-11-04,-0.0780168915155105,-0.9165171561603824,2010-11-01,2020-03-13,-0.11422100335624064
sz300297,2012-03-28,10,0.11777353309470451,-0.7881333056285525,2015-12-21,2020-02-04,0.10715628736531868,-0.54149350884882,2015-11-16,2020-03-13,-0.010617245729385827
sz300297,2012-03-30,12,0.12657820571028688,-0.7881333056285525,2015-12-21,2020-02-04,0.0036917830708071975,-0.6884942536323446,2015-11-16,2020-03-13,-0.12288642263947969
sz300297,2012-04-06,14,0.11684343829669852,-0.7881333056285525,2015-12-21,2020-02-04,-0.04269584107328939,-0.7839897191712807,2015-11-16,2020-03-13,-0.1595392793699879
sz300297,2012-04-10,16,0.10952187850911188,-0.7881333056285525,2015-12-21,2020-02-04,-0.0326158566892899,-0.8522867010691799,2015-11-16,2020-03-13,-0.14213773519840178
sz300297,2012-04-12,18,0.10641222723803767,-0.7881333056285525,2015-12-21,2020-02-04,-0.009607978066380363,-0.8038440065244468,2015-11-16,2020-03-13,-0.11602020530441803
sz300297,2012-04-16,20,0.11049399435263618,-0.7881333056285525,2015-12-21,2020-02-04,-0.03595408289991897,-0.832528407723761,2015-12-21,2020-03-13,-0.14644807725255515
sz300297,2012-04-18,22,0.10328762680551162,-0.7881333056285525,2015-12-21,2020-02-04,-0.02460879181829223,-0.7585357188178843,2015-07-24,2020-03-13,-0.12789641862380385
sz300297,2012-04-20,24,0.10293285868401925,-0.7881333056285525,2015-12-21,2020-02-04,-0.05296844646241028,-0.7850247151836757,2015-07-24,2020-03-13,-0.15590130514642953
sz300297,2012-04-24,26,0.12111788099665266,-0.7881333056285525,2015-12-21,2020-02-04,-0.024309926804976567,-0.7512317213200376,2015-07-24,2020-03-13,-0.14542780780162923
sz300297,2012-04-26,28,0.11994761602261872,-0.7881333056285525,2015-12-21,2020-02-04,-3.589276871163172e-05,-0.7238294343290526,2015-07-24,2020-03-13,-0.11998350879133035
sz300297,2012-05-02,30,0.11450575810413666,-0.7881333056285525,2015-12-21,2020-02-04,0.017325727912085087,-0.6427454134276006,2015-07-24,2020-03-13,-0.09718003019205157
sz000549,2006-02-15,10,2.835698782514964,-0.2796596416914924,2006-07-12,2006-08-07,1.9515950874225934,-0.1508460543915494,2006-07-12,2006-07-31,-0.8841036950923709
sz000549,2006-02-15,12,2.835698782514964,-0.2796596416914924,2006-07-12,2006-08-07,2.092209974849061,-0.20074308939807528,2006-02-28,2006-04-27,-0.7434888076659032
sz000549,2006-02-15,14,2.835698782514964,-0.2796596416914924,2006-07-12,2006-08-07,1.5494334555530465,-0.22436300026445422,2006-07-12,2006-09-26,-1.2862653269619178
sz000549,2006-02-15,16,2.835698782514964,-0.2796596416914924,2006-07-12,2006-08-07,1.4696231415414154,-0.27343388711040006,2006-07-12,2006-09-26,-1.3660756409735488
sz000549,2006-02-15,18,2.835698782514964,-0.2796596416914924,2006-07-12,2006-08-07,1.634922582653235,-0.27343388711039984,2006-07-12,2006-09-26,-1.2007761998617292
sz000549,2006-02-15,20,2.835698782514964,-0.2796596416914924,2006-07-12,2006-08-07,1.634922582653231,-0.27343388711039995,2006-07-12,2006-09-26,-1.2007761998617332
sz000549,2006-02-15,22,2.835698782514964,-0.2796596416914924,2006-07-12,2006-08-07,1.5274914736064615,-0.25971888958937994,2006-07-12,2006-10-30,-1.3082073089085027
sz000549,2006-02-15,24,2.835698782514964,-0.2796596416914924,2006-07-12,2006-08-07,1.2987044809254535,-0.24451048578603995,2006-07-12,2006-11-13,-1.5369943015895107
sz000549,2006-02-15,26,2.835698782514964,-0.2796596416914924,2006-07-12,2006-08-07,1.0178695226865675,-0.24451048578603973,2006-07-12,2006-11-13,-1.8178292598283967
sz000549,2006-02-15,28,2.835698782514964,-0.2796596416914924,2006-07-12,2006-08-07,1.2900592782821256,-0.2445104857860395,2006-07-12,2006-11-13,-1.5456395042328386
sz000549,2006-02-15,30,2.835698782514964,-0.2796596416914924,2006-07-12,2006-08-07,1.290059278282126,-0.24451048578603973,2006-07-12,2006-11-13,-1.5456395042328381
sh600373,2006-01-06,10,0.23037519044463983,-0.7618161039942639,2015-06-03,2018-10-16,0.13493501119038753,-0.6871226927463143,2015-06-03,2020-03-13,-0.0954401792542523
sh600373,2006-01-06,12,0.23037519044463983,-0.7618161039942639,2015-06-03,2018-10-16,0.1400938076058753,-0.6500536121291554,2015-06-03,2020-03-13,-0.09028138283876452
sh600373,2006-01-06,14,0.23037519044463983,-0.7618161039942639,2015-06-03,2018-10-16,0.1372760890832858,-0.6275140608779413,2015-06-03,2020-03-13,-0.09309910136135402
sh600373,2006-01-06,16,0.23037519044463983,-0.7618161039942639,2015-06-03,2018-10-16,0.21808406495523092,-0.43087407048770565,2010-02-24,2011-02-23,-0.012291125489408916
sh600373,2006-01-06,18,0.23037519044463983,-0.7618161039942639,2015-06-03,2018-10-16,0.21960732957080964,-0.4247969278588203,2015-06-03,2018-11-05,-0.010767860873830193
sh600373,2006-01-06,20,0.23037519044463983,-0.7618161039942639,2015-06-03,2018-10-16,0.15697120585949387,-0.4924719351267228,2015-06-03,2018-11-05,-0.07340398458514596
sh600373,2006-01-06,22,0.23037519044463983,-0.7618161039942639,2015-06-03,2018-10-16,0.09148005098619882,-0.67466930758839,2010-02-24,2015-02-10,-0.138895139458441
sh600373,2006-01-06,24,0.23037519044463983,-0.7618161039942639,2015-06-03,2018-10-16,0.08248451277048985,-0.7075402063871925,2010-02-24,2014-07-24,-0.14789067767414998
sh600373,2006-01-06,26,0.23037519044463983,-0.7618161039942639,2015-06-03,2018-10-16,0.07693298973770912,-0.7324385004111467,2010-02-24,2014-07-24,-0.1534422007069307
sh600373,2006-01-06,28,0.23037519044463983,-0.7618161039942639,2015-06-03,2018-10-16,0.08903461741079366,-0.6828171681131237,2010-02-24,2013-06-13,-0.14134057303384617
sh600373,2006-01-06,30,0.23037519044463983,-0.7618161039942639,2015-06-03,2018-10-16,0.10493280114211645,-0.6612367733173969,2010-04-12,2013-06-13,-0.12544238930252338
sz300283,2012-01-30,10,0.027908339815834404,-0.7303761653953873,2015-06-16,2020-02-04,-0.19873668200090944,-0.8674948800785391,2012-05-18,2020-03-09,-0.22664502181674384
sz300283,2012-02-01,12,0.026197174748194385,-0.7303761653953873,2015-06-16,2020-02-04,-0.06775749482306181,-0.7559602627311347,2015-06-16,2020-03-09,-0.0939546695712562
sz300283,2012-02-03,14,0.02387035277950278,-0.7303761653953873,2015-06-16,2020-02-04,-0.08898373093653844,-0.7801403563152111,2015-06-16,2020-03-09,-0.11285408371604122
sz300283,2012-02-07,16,0.028216252891489102,-0.7303761653953873,2015-06-16,2020-02-04,-0.1005585770859534,-0.8283566792765029,2015-06-16,2020-03-09,-0.1287748299774425
sz300283,2012-02-09,18,0.023973629769051596,-0.7303761653953873,2015-06-16,2020-02-04,-0.08484048436687786,-0.7932820027232651,2016-11-22,2020-03-09,-0.10881411413592945
sz300283,2012-02-13,20,0.015935170937424692,-0.7303761653953873,2015-06-16,2020-02-04,-0.16346385770562866,-0.8282626183303772,2015-06-16,2020-03-09,-0.17939902864305335
sz300283,2012-02-15,22,0.015555077602881662,-0.7303761653953873,2015-06-16,2020-02-04,-0.16509362275258244,-0.8163624387539156,2015-06-16,2020-02-05,-0.1806487003554641
sz300283,2012-02-17,24,0.01858385852092903,-0.7303761653953873,2015-06-16,2020-02-04,-0.14448968073616197,-0.7282452551540036,2015-06-16,2020-03-12,-0.163073539257091
sz300283,2012-02-21,26,0.013668315446885515,-0.7303761653953873,2015-06-16,2020-02-04,-0.16045603755634175,-0.7729208217077651,2012-03-13,2020-03-12,-0.17412435300322726
sz300283,2012-02-24,28,0.010501410768681385,-0.7303761653953873,2015-06-16,2020-02-04,-0.14873478045163302,-0.7229256858961256,2012-03-13,2020-03-13,-0.1592361912203144
sz300283,2012-02-28,30,0.0035828339326473557,-0.7303761653953873,2015-06-16,2020-02-04,-0.19517193273696032,-0.829291764973088,2012-03-13,2020-03-12,-0.19875476666960767
sh600415,2006-01-04,10,0.11472417137277513,-0.8143214299725361,2015-06-12,2020-02-04,0.04724778783751282,-0.7215938832924402,2015-03-25,2020-02-28,-0.06747638353526231
sh600415,2006-01-04,12,0.11472417137277513,-0.8143214299725361,2015-06-12,2020-02-04,0.1120780098838412,-0.6262160036022415,2015-06-12,2018-12-14,-0.002646161488933929
sh600415,2006-01-04,14,0.11472417137277513,-0.8143214299725361,2015-06-12,2020-02-04,0.13349343450245055,-0.6925682721189499,2015-06-12,2020-02-28,0.018769263129675418
sh600415,2006-01-04,16,0.11472417137277513,-0.8143214299725361,2015-06-12,2020-02-04,0.14459575400643998,-0.6211002031226738,2010-11-25,2013-07-29,0.02987158263366485
sh600415,2006-01-04,18,0.11472417137277513,-0.8143214299725361,2015-06-12,2020-02-04,0.1565329968105964,-0.6276489978207058,2010-11-25,2013-07-29,0.04180882543782127
sh600415,2006-01-04,20,0.11472417137277513,-0.8143214299725361,2015-06-12,2020-02-04,0.15297877243755353,-0.5918519980052036,2010-11-25,2014-07-21,0.038254601064778404
sh600415,2006-01-04,22,0.11472417137277513,-0.8143214299725361,2015-06-12,2020-02-04,0.15262530646820793,-0.5423111873225102,2010-11-25,2014-03-20,0.0379011350954328
sh600415,2006-01-04,24,0.11472417137277513,-0.8143214299725361,2015-06-12,2020-02-04,0.15640086523259278,-0.601776247669986,2010-11-25,2014-03-20,0.04167669385981765
sh600415,2006-01-04,26,0.11472417137277513,-0.8143214299725361,2015-06-12,2020-02-04,0.141163398260159,-0.6399045897501321,2010-11-25,2014-07-21,0.02643922688738387
sh600415,2006-01-04,28,0.11472417137277513,-0.8143214299725361,2015-06-12,2020-02-04,0.15090075103837353,-0.5786577400542421,2010-11-25,2014-07-21,0.036176579665598396
sh600415,2006-01-04,30,0.11472417137277513,-0.8143214299725361,2015-06-12,2020-02-04,0.16038959135491138,-0.5816188331302974,2010-11-25,2014-07-21,0.045665419982136246
